city,date,aqi,quality_level,pm2_5,pm10,so2,co,no2,o3
beijing,2022-01-01,51,良,90,25,56,35,3,0.6
beijing,2022-01-02,27,优,16,12,27,23,2,0.32
beijing,2022-01-03,49,优,73,23,50,39,2,0.51
beijing,2022-01-04,52,良,79,32,55,44,4,0.88
beijing,2022-01-05,82,良,197,61,72,50,2,1.03
beijing,2022-01-06,79,良,195,57,63,47,3,1.0
beijing,2022-01-07,111,轻度污染,239,83,89,61,3,1.34
beijing,2022-01-08,78,良,161,56,61,43,2,0.91
beijing,2022-01-09,65,良,136,46,67,42,2,0.92
beijing,2022-01-10,36,优,68,20,29,20,2,0.45
beijing,2022-01-11,23,优,14,10,23,24,2,0.36
beijing,2022-01-12,37,优,41,16,37,27,2,0.43
beijing,2022-01-13,22,优,9,9,21,21,2,0.33
beijing,2022-01-14,90,良,244,63,79,50,3,0.84
beijing,2022-01-15,73,良,138,46,61,31,2,0.6
beijing,2022-01-16,24,优,20,9,22,23,2,0.35
beijing,2022-01-17,35,优,75,16,35,33,2,0.48
beijing,2022-01-18,67,良,166,47,70,55,5,0.89
beijing,2022-01-19,81,良,185,59,78,42,6,1.17
beijing,2022-01-20,54,良,117,37,43,23,2,0.51
beijing,2022-01-21,78,良,206,57,53,33,2,0.73
beijing,2022-01-22,129,轻度污染,274,98,71,48,2,1.48
beijing,2022-01-23,157,中度污染,314,119,73,45,2,1.43
beijing,2022-01-24,196,中度污染,332,148,88,42,2,1.63
beijing,2022-01-25,100,良,212,73,40,23,2,0.83
beijing,2022-01-26,18,优,13,10,13,15,2,0.34
beijing,2022-01-27,21,优,23,13,18,16,2,0.37
beijing,2022-01-28,24,优,66,14,20,15,2,0.37
beijing,2022-01-29,27,优,83,18,26,22,2,0.45
beijing,2022-01-30,116,轻度污染,295,86,107,32,2,0.95
beijing,2022-01-31,29,优,55,12,19,6,2,0.26
beijing,2022-02-01,21,优,19,6,11,8,2,0.25
beijing,2022-02-02,22,优,39,12,18,13,2,0.33
beijing,2022-02-03,21,优,53,7,13,9,2,0.27
beijing,2022-02-04,23,优,44,5,9,4,2,0.2
beijing,2022-02-05,22,优,12,7,13,7,1,0.23
beijing,2022-02-06,22,优,14,8,15,10,2,0.26
beijing,2022-02-07,22,优,44,10,20,16,2,0.36
beijing,2022-02-08,26,优,75,14,25,22,2,0.43
beijing,2022-02-09,53,良,182,37,54,35,3,0.69
beijing,2022-02-10,75,良,226,55,79,36,3,0.76
beijing,2022-02-11,69,良,198,50,74,29,3,0.66
beijing,2022-02-12,56,良,163,35,62,20,3,0.63
beijing,2022-02-13,68,良,204,49,70,21,2,0.76
beijing,2022-02-14,27,优,65,13,18,10,2,0.32
beijing,2022-02-15,22,优,5,13,19,13,2,0.32
beijing,2022-02-16,23,优,7,13,20,14,2,0.3
beijing,2022-02-17,37,优,146,25,36,24,2,0.47
beijing,2022-02-18,51,良,238,34,45,21,2,0.44
beijing,2022-02-19,22,优,63,8,15,6,2,0.23
beijing,2022-02-20,21,优,40,8,20,12,2,0.29
beijing,2022-02-21,22,优,49,8,19,9,2,0.25
beijing,2022-02-22,22,优,55,10,18,10,2,0.27
beijing,2022-02-23,26,优,59,14,26,25,2,0.41
beijing,2022-02-24,40,优,101,23,43,33,3,0.52
beijing,2022-02-25,84,良,241,61,101,48,4,0.8
beijing,2022-02-26,30,优,21,10,23,15,2,0.28
beijing,2022-02-27,47,优,71,20,51,37,3,0.5
beijing,2022-02-28,78,良,180,53,105,44,6,0.8
beijing,2022-03-01,25,优,9,6,17,10,2,0.25
beijing,2022-03-02,43,优,52,16,44,25,2,0.4
beijing,2022-03-03,57,良,98,24,68,26,4,0.56
beijing,2022-03-04,72,良,158,27,97,24,2,0.47
beijing,2022-03-05,32,优,25,7,31,10,2,0.23
beijing,2022-03-06,48,优,116,21,52,35,4,0.43
beijing,2022-03-07,50,优,142,25,55,34,3,0.48
beijing,2022-03-08,78,良,218,54,99,48,5,0.75
beijing,2022-03-09,132,轻度污染,317,99,166,51,7,1.04
beijing,2022-03-10,203,重度污染,336,153,246,47,5,1.24
beijing,2022-03-11,129,轻度污染,313,96,166,36,4,1.0
beijing,2022-03-12,63,良,165,42,68,28,2,0.62
beijing,2022-03-13,82,良,221,60,81,29,2,0.78
beijing,2022-03-14,49,优,88,30,51,17,2,0.47
beijing,2022-03-15,68,良,180,46,85,24,2,0.65
beijing,2022-03-16,82,良,238,48,113,28,2,0.68
beijing,2022-03-17,40,优,184,17,40,18,3,0.48
beijing,2022-03-18,60,良,265,43,54,24,3,0.58
beijing,2022-03-19,38,优,92,24,28,18,2,0.38
beijing,2022-03-20,53,良,214,37,52,28,2,0.41
beijing,2022-03-21,22,优,60,9,15,15,2,0.25
beijing,2022-03-22,28,优,106,14,27,22,2,0.28
beijing,2022-03-23,74,良,284,53,73,32,2,0.49
beijing,2022-03-24,124,轻度污染,317,94,129,42,2,0.78
beijing,2022-03-25,114,轻度污染,322,57,141,28,2,0.57
beijing,2022-03-26,67,良,258,14,84,20,2,0.26
beijing,2022-03-27,30,优,61,6,27,12,2,0.2
beijing,2022-03-28,69,良,255,28,87,23,2,0.33
beijing,2022-03-29,79,良,295,53,103,26,2,0.5
beijing,2022-03-30,42,优,128,30,42,19,2,0.49
beijing,2022-03-31,30,优,71,13,19,15,2,0.3
beijing,2022-04-01,30,优,94,12,30,22,2,0.25
beijing,2022-04-02,36,优,120,13,30,19,2,0.28
beijing,2022-04-03,52,良,176,21,58,24,2,0.33
beijing,2022-04-04,92,良,327,67,119,26,3,0.54
beijing,2022-04-05,87,良,323,46,111,22,2,0.45
beijing,2022-04-06,59,良,200,11,67,14,2,0.33
beijing,2022-04-07,63,良,199,26,77,33,2,0.38
beijing,2022-04-08,117,轻度污染,323,87,161,35,5,1.03
beijing,2022-04-09,122,轻度污染,327,91,163,28,3,0.87
beijing,2022-04-10,125,轻度污染,325,94,169,29,4,1.1
beijing,2022-04-11,118,轻度污染,295,64,179,29,2,0.73
beijing,2022-04-12,69,良,237,13,87,11,2,0.24
beijing,2022-04-13,56,良,254,28,63,17,2,0.39
beijing,2022-04-14,34,优,92,11,29,16,2,0.24
beijing,2022-04-15,29,优,71,9,22,10,2,0.2
beijing,2022-04-16,37,优,122,12,35,20,2,0.23
beijing,2022-04-17,69,良,278,39,87,37,2,0.4
beijing,2022-04-18,79,良,286,57,104,31,3,0.58
beijing,2022-04-19,74,良,271,50,88,30,2,0.45
beijing,2022-04-20,70,良,226,38,88,24,3,0.43
beijing,2022-04-21,84,良,289,33,118,15,2,0.36
beijing,2022-04-22,38,优,91,10,38,9,2,0.21
beijing,2022-04-23,74,良,250,35,98,25,3,0.46
beijing,2022-04-24,94,良,316,51,138,28,4,0.77
beijing,2022-04-25,100,良,316,64,151,25,4,1.09
beijing,2022-04-26,73,良,258,24,97,9,2,0.34
beijing,2022-04-27,28,优,44,8,28,10,2,0.26
beijing,2022-04-28,25,优,21,14,22,10,2,0.3
beijing,2022-04-29,59,良,255,42,59,18,2,0.39
beijing,2022-04-30,26,优,52,4,11,8,3,0.17
beijing,2022-05-01,33,优,117,10,30,18,2,0.21
beijing,2022-05-02,47,优,185,22,49,24,3,0.42
beijing,2022-05-03,61,良,258,28,68,23,2,0.44
beijing,2022-05-04,75,良,303,31,85,22,3,0.45
beijing,2022-05-05,77,良,296,34,92,16,3,0.44
beijing,2022-05-06,52,良,153,18,58,11,2,0.3
beijing,2022-05-07,36,优,92,15,33,15,2,0.3
beijing,2022-05-08,26,优,12,14,24,11,2,0.31
beijing,2022-05-09,32,优,75,16,30,16,2,0.34
beijing,2022-05-10,70,良,301,51,78,19,3,0.47
beijing,2022-05-11,43,优,198,24,41,16,3,0.39
beijing,2022-05-12,30,优,135,13,24,10,2,0.26
beijing,2022-05-13,26,优,89,6,20,10,2,0.17
beijing,2022-05-14,27,优,104,5,21,12,2,0.19
beijing,2022-05-15,28,优,101,8,23,15,2,0.2
beijing,2022-05-16,32,优,103,11,28,14,2,0.21
beijing,2022-05-17,58,良,254,29,65,24,4,0.43
beijing,2022-05-18,44,优,123,20,40,14,2,0.3
beijing,2022-05-19,73,良,305,35,74,21,3,0.55
beijing,2022-05-20,85,良,330,39,81,19,3,0.56
beijing,2022-05-21,81,良,322,32,72,18,2,0.49
beijing,2022-05-22,83,良,320,30,78,18,3,0.49
beijing,2022-05-23,71,良,292,30,69,16,2,0.46
beijing,2022-05-24,66,良,273,27,62,16,2,0.5
beijing,2022-05-25,29,优,97,4,19,6,2,0.18
beijing,2022-05-26,31,优,137,7,25,13,2,0.2
beijing,2022-05-27,43,优,179,11,37,18,2,0.33
beijing,2022-05-28,84,良,316,25,77,16,4,0.45
beijing,2022-05-29,45,优,207,16,47,9,3,0.33
beijing,2022-05-30,31,优,110,9,27,14,2,0.22
beijing,2022-05-31,51,良,229,17,49,21,3,0.36
beijing,2022-06-01,44,优,199,14,36,19,2,0.33
beijing,2022-06-02,78,良,279,20,53,21,3,0.37
beijing,2022-06-03,89,良,313,34,80,22,5,0.68
beijing,2022-06-04,49,优,289,23,46,9,2,0.45
beijing,2022-06-05,37,优,204,11,30,10,2,0.28
beijing,2022-06-06,25,优,77,2,8,6,2,0.22
beijing,2022-06-07,31,优,103,9,27,12,2,0.4
beijing,2022-06-08,48,优,210,22,49,14,3,0.68
beijing,2022-06-09,47,优,210,24,48,16,2,0.8
beijing,2022-06-10,60,良,302,29,64,14,2,0.73
beijing,2022-06-11,51,良,252,23,55,14,2,0.6
beijing,2022-06-12,38,优,210,17,33,10,2,0.53
beijing,2022-06-13,30,优,121,15,28,12,2,0.44
beijing,2022-06-14,36,优,157,14,28,12,2,0.48
beijing,2022-06-15,43,优,179,21,40,13,2,0.63
beijing,2022-06-16,66,良,278,25,54,16,2,0.6
beijing,2022-06-17,78,良,307,35,73,18,2,0.85
beijing,2022-06-18,84,良,316,34,71,12,2,0.88
beijing,2022-06-19,75,良,305,30,62,10,2,0.8
beijing,2022-06-20,85,良,315,35,75,14,2,0.85
beijing,2022-06-21,100,良,336,59,110,19,3,1.08
beijing,2022-06-22,74,良,332,52,77,16,2,0.92
beijing,2022-06-23,41,优,264,14,19,13,2,0.44
beijing,2022-06-24,27,优,120,4,14,17,2,0.25
beijing,2022-06-25,89,良,332,18,54,23,2,0.4
beijing,2022-06-26,58,良,313,24,56,13,3,0.61
beijing,2022-06-27,43,优,290,25,40,10,2,0.63
beijing,2022-06-28,27,优,123,12,19,9,3,0.44
beijing,2022-06-29,22,优,44,8,14,8,3,0.37
beijing,2022-06-30,30,优,128,13,24,12,2,0.44
beijing,2022-07-01,35,优,193,18,27,9,2,0.58
beijing,2022-07-02,57,良,307,35,51,13,2,0.73
beijing,2022-07-03,41,优,276,23,33,10,3,0.63
beijing,2022-07-04,32,优,184,18,24,11,3,0.58
beijing,2022-07-05,56,良,319,36,49,11,2,0.59
beijing,2022-07-06,24,优,115,8,14,9,2,0.4
beijing,2022-07-07,36,优,200,10,24,17,2,0.38
beijing,2022-07-08,45,优,222,16,40,18,2,0.44
beijing,2022-07-09,32,优,139,10,27,19,2,0.33
beijing,2022-07-10,27,优,84,9,18,11,2,0.36
beijing,2022-07-11,37,优,198,21,37,17,2,0.5
beijing,2022-07-12,34,优,173,14,22,10,3,0.48
beijing,2022-07-13,32,优,157,10,21,15,2,0.52
beijing,2022-07-14,35,优,158,8,22,16,3,0.3
beijing,2022-07-15,37,优,171,9,28,20,2,0.32
beijing,2022-07-16,65,良,329,24,55,19,3,0.61
beijing,2022-07-17,45,优,292,21,41,15,2,0.44
beijing,2022-07-18,34,优,197,7,25,16,2,0.36
beijing,2022-07-19,50,优,288,13,41,20,2,0.4
beijing,2022-07-20,59,良,330,25,55,17,2,0.5
beijing,2022-07-21,61,良,314,19,42,15,2,0.43
beijing,2022-07-22,56,良,306,28,57,20,2,0.51
beijing,2022-07-23,31,优,139,10,20,10,2,0.35
beijing,2022-07-24,61,良,314,23,46,16,2,0.48
beijing,2022-07-25,46,优,227,21,43,14,2,0.45
beijing,2022-07-26,52,良,288,30,49,13,2,0.5
beijing,2022-07-27,35,优,129,18,27,10,2,0.57
beijing,2022-07-28,24,优,34,5,9,9,2,0.35
beijing,2022-07-29,34,优,155,14,26,15,2,0.43
beijing,2022-07-30,57,良,313,35,54,12,3,0.66
beijing,2022-07-31,46,优,236,27,43,13,3,0.5
beijing,2022-08-01,63,良,324,38,58,14,3,0.56
beijing,2022-08-02,61,良,323,41,63,15,2,0.58
beijing,2022-08-03,63,良,322,40,59,12,2,0.51
beijing,2022-08-04,55,良,297,35,56,12,2,0.57
beijing,2022-08-05,42,优,243,16,27,11,2,0.48
beijing,2022-08-06,38,优,232,20,36,17,3,0.55
beijing,2022-08-07,43,优,281,27,38,12,3,0.6
beijing,2022-08-08,20,优,54,8,16,13,2,0.37
beijing,2022-08-09,21,优,62,7,16,13,2,0.37
beijing,2022-08-10,33,优,199,11,24,14,2,0.38
beijing,2022-08-11,45,优,255,18,37,13,3,0.46
beijing,2022-08-12,58,良,295,35,59,13,3,0.62
beijing,2022-08-13,66,良,323,46,65,15,2,0.82
beijing,2022-08-14,41,优,251,28,40,13,2,0.98
beijing,2022-08-15,24,优,69,8,14,12,3,0.55
beijing,2022-08-16,26,优,85,5,13,13,2,0.35
beijing,2022-08-17,49,优,284,26,49,14,2,0.55
beijing,2022-08-18,44,优,243,30,42,14,2,0.65
beijing,2022-08-19,26,优,98,10,14,12,3,0.44
beijing,2022-08-20,29,优,135,10,25,17,2,0.37
beijing,2022-08-21,51,良,282,27,52,15,2,0.49
beijing,2022-08-22,29,优,141,12,16,9,3,0.33
beijing,2022-08-23,14,优,5,3,11,15,2,0.22
beijing,2022-08-24,26,优,83,7,22,15,2,0.28
beijing,2022-08-25,29,优,118,9,24,16,3,0.28
beijing,2022-08-26,22,优,71,6,21,17,3,0.2
beijing,2022-08-27,21,优,59,4,18,16,2,0.16
beijing,2022-08-28,38,优,277,14,38,25,2,0.33
beijing,2022-08-29,31,优,192,18,30,13,3,0.37
beijing,2022-08-30,43,优,272,23,39,19,2,0.44
beijing,2022-08-31,20,优,32,4,12,18,2,0.27
beijing,2022-09-01,30,优,122,8,28,17,2,0.28
beijing,2022-09-02,47,优,262,18,46,20,2,0.44
beijing,2022-09-03,54,良,298,30,59,23,2,0.51
beijing,2022-09-04,53,良,283,34,52,16,2,0.54
beijing,2022-09-05,21,优,24,4,13,13,2,0.2
beijing,2022-09-06,26,优,36,6,23,20,2,0.24
beijing,2022-09-07,31,优,54,8,28,23,2,0.28
beijing,2022-09-08,54,良,206,18,49,29,2,0.39
beijing,2022-09-09,76,良,315,33,72,28,2,0.63
beijing,2022-09-10,84,良,327,45,78,20,2,0.77
beijing,2022-09-11,49,优,175,28,49,14,2,0.58
beijing,2022-09-12,74,良,288,48,78,20,2,0.7
beijing,2022-09-13,79,良,305,56,86,22,2,0.8
beijing,2022-09-14,58,良,256,34,55,17,2,0.64
beijing,2022-09-15,49,优,223,21,46,17,2,0.55
beijing,2022-09-16,54,良,235,25,51,20,2,0.52
beijing,2022-09-17,72,良,288,38,78,26,2,0.64
beijing,2022-09-18,32,优,83,10,29,18,3,0.3
beijing,2022-09-19,26,优,51,5,24,18,3,0.21
beijing,2022-09-20,26,优,62,5,23,15,2,0.15
beijing,2022-09-21,49,优,223,17,52,27,2,0.34
beijing,2022-09-22,46,优,176,17,49,15,2,0.29
beijing,2022-09-23,23,优,61,3,21,11,2,0.17
beijing,2022-09-24,41,优,137,14,44,28,2,0.31
beijing,2022-09-25,76,良,315,43,102,38,3,0.55
beijing,2022-09-26,91,良,331,57,113,40,3,0.77
beijing,2022-09-27,97,良,327,59,112,39,3,0.77
beijing,2022-09-28,92,良,321,58,112,38,3,0.78
beijing,2022-09-29,98,良,329,64,122,37,3,0.83
beijing,2022-09-30,116,轻度污染,335,82,143,42,2,0.9
beijing,2022-10-01,93,良,334,69,119,35,2,0.76
beijing,2022-10-02,27,优,104,16,23,12,2,0.44
beijing,2022-10-03,16,优,24,6,10,10,3,0.27
beijing,2022-10-04,18,优,75,2,9,10,3,0.12
beijing,2022-10-05,24,优,143,8,22,18,2,0.18
beijing,2022-10-06,43,优,260,20,44,25,2,0.28
beijing,2022-10-07,72,良,323,49,85,30,2,0.57
beijing,2022-10-08,88,良,330,65,96,29,2,0.57
beijing,2022-10-09,19,优,35,2,8,6,3,0.1
beijing,2022-10-10,21,优,45,3,12,12,2,0.16
beijing,2022-10-11,32,优,81,13,34,27,2,0.32
beijing,2022-10-12,72,良,315,48,89,46,2,0.59
beijing,2022-10-13,114,轻度污染,330,86,134,51,2,0.72
beijing,2022-10-14,140,轻度污染,330,106,159,50,2,0.74
beijing,2022-10-15,142,轻度污染,322,108,157,39,2,0.77
beijing,2022-10-16,24,优,24,8,17,9,2,0.15
beijing,2022-10-17,16,优,3,2,12,11,2,0.16
beijing,2022-10-18,29,优,38,9,29,24,2,0.28
beijing,2022-10-19,61,良,232,36,73,39,3,0.52
beijing,2022-10-20,104,轻度污染,334,78,126,51,2,0.66
beijing,2022-10-21,127,轻度污染,334,96,144,43,2,0.74
beijing,2022-10-22,42,优,87,22,43,18,2,0.28
beijing,2022-10-23,25,优,24,7,23,23,2,0.26
beijing,2022-10-24,55,良,148,27,63,34,2,0.55
beijing,2022-10-25,116,轻度污染,324,86,138,46,4,0.86
beijing,2022-10-26,139,轻度污染,333,103,148,40,2,0.72
beijing,2022-10-27,22,优,29,7,20,19,2,0.24
beijing,2022-10-28,55,良,249,20,61,37,2,0.48
beijing,2022-10-29,65,良,278,37,81,39,2,0.64
beijing,2022-10-30,94,良,304,70,108,41,2,0.61
beijing,2022-10-31,42,优,130,24,41,19,2,0.28
beijing,2022-11-01,26,优,32,9,25,26,2,0.25
beijing,2022-11-02,58,良,232,32,67,35,2,0.45
beijing,2022-11-03,45,优,160,24,47,21,2,0.47
beijing,2022-11-04,28,优,54,12,27,19,2,0.23
beijing,2022-11-05,50,优,162,28,56,35,2,0.37
beijing,2022-11-06,106,轻度污染,321,79,124,52,2,0.7
beijing,2022-11-07,52,良,133,32,52,30,2,0.42
beijing,2022-11-08,58,良,163,35,68,43,2,0.5
beijing,2022-11-09,101,轻度污染,269,75,115,52,2,0.69
beijing,2022-11-10,115,轻度污染,283,87,110,32,2,0.79
beijing,2022-11-11,135,轻度污染,308,101,127,38,2,1.51
beijing,2022-11-12,16,优,5,3,5,11,2,0.37
beijing,2022-11-13,18,优,9,7,13,17,2,0.2
beijing,2022-11-14,50,优,184,27,54,40,2,0.45
beijing,2022-11-15,38,优,85,19,39,32,2,0.43
beijing,2022-11-16,39,优,90,19,44,38,2,0.44
beijing,2022-11-17,83,良,255,58,97,48,2,0.66
beijing,2022-11-18,111,轻度污染,304,83,123,49,3,0.99
beijing,2022-11-19,128,轻度污染,319,97,141,44,2,0.97
beijing,2022-11-20,151,中度污染,330,114,169,43,2,1.03
beijing,2022-11-21,58,良,218,39,68,27,2,0.52
beijing,2022-11-22,61,良,275,40,72,38,2,0.61
beijing,2022-11-23,95,良,319,71,106,40,2,0.73
beijing,2022-11-24,155,中度污染,334,116,162,49,2,0.97
beijing,2022-11-25,89,良,301,57,94,24,2,0.55
beijing,2022-11-26,23,优,35,5,22,12,2,0.19
beijing,2022-11-27,39,优,115,18,40,27,2,0.41
beijing,2022-11-28,75,良,265,31,99,20,2,0.34
beijing,2022-11-29,42,优,161,8,43,2,2,0.19
beijing,2022-11-30,31,优,152,8,31,7,2,0.26
beijing,2022-12-01,32,优,140,11,32,12,2,0.22
beijing,2022-12-02,59,良,230,35,69,40,3,0.54
beijing,2022-12-03,29,优,71,12,30,15,2,0.24
beijing,2022-12-04,30,优,104,14,31,24,2,0.28
beijing,2022-12-05,44,优,160,22,46,31,2,0.38
beijing,2022-12-06,51,良,151,25,53,37,2,0.45
beijing,2022-12-07,42,优,98,21,44,38,2,0.43
beijing,2022-12-08,44,优,87,22,46,35,2,0.45
beijing,2022-12-09,65,良,147,42,73,43,3,0.53
beijing,2022-12-10,25,优,16,8,20,9,2,0.18
beijing,2022-12-11,25,优,10,10,23,21,2,0.24
beijing,2022-12-12,363,严重污染,337,140,642,18,2,0.28
beijing,2022-12-13,92,良,209,21,123,3,2,0.18
beijing,2022-12-14,55,良,103,17,61,25,2,0.33
beijing,2022-12-15,37,优,62,11,39,15,2,0.21
beijing,2022-12-16,24,优,32,7,23,9,2,0.19
beijing,2022-12-17,30,优,51,5,30,3,2,0.11
beijing,2022-12-18,38,优,95,12,39,24,2,0.24
beijing,2022-12-19,48,优,93,20,49,38,2,0.37
beijing,2022-12-20,58,良,102,30,67,43,3,0.5
beijing,2022-12-21,29,优,18,7,29,8,2,0.17
beijing,2022-12-22,18,优,2,5,15,4,2,0.15
beijing,2022-12-23,18,优,2,8,18,13,2,0.22
beijing,2022-12-24,27,优,21,14,27,20,2,0.28
beijing,2022-12-25,40,优,49,23,40,34,2,0.46
beijing,2022-12-26,47,优,72,23,50,31,2,0.43
beijing,2022-12-27,27,优,20,11,27,14,2,0.24
beijing,2022-12-28,35,优,53,15,36,26,2,0.34
beijing,2022-12-29,22,优,7,9,21,16,2,0.26
beijing,2022-12-30,38,优,44,19,39,38,2,0.46
beijing,2022-12-31,46,优,79,24,47,37,3,0.49
beijing,2023-01-01,38,优,60,19,38,28,2,0.4
beijing,2023-01-02,22,优,9,10,21,18,2,0.25
beijing,2023-01-03,36,优,59,20,38,32,2,0.43
beijing,2023-01-04,63,良,128,41,70,45,3,0.63
beijing,2023-01-05,106,轻度污染,196,79,118,61,4,0.91
beijing,2023-01-06,103,轻度污染,163,62,115,45,3,0.69
beijing,2023-01-07,66,良,96,19,81,40,2,0.5
beijing,2023-01-08,59,良,75,25,70,32,2,0.47
beijing,2023-01-09,34,优,47,13,35,24,2,0.35
beijing,2023-01-10,60,良,143,37,69,47,3,0.6
beijing,2023-01-11,82,良,172,60,97,57,4,0.79
beijing,2023-01-12,115,轻度污染,214,87,127,58,4,0.88
beijing,2023-01-13,100,良,214,74,91,27,2,0.69
beijing,2023-01-14,21,优,34,2,9,5,2,0.11
beijing,2023-01-15,23,优,59,6,21,9,2,0.2
beijing,2023-01-16,43,优,96,18,43,22,2,0.33
beijing,2023-01-17,80,良,241,26,110,13,2,0.28
beijing,2023-01-18,70,良,163,28,89,24,2,0.37
beijing,2023-01-19,71,良,139,29,100,19,2,0.33
beijing,2023-01-20,40,优,55,9,40,6,2,0.25
beijing,2023-01-21,58,良,77,35,63,23,3,0.48
beijing,2023-01-22,93,良,123,66,114,23,3,0.54
beijing,2023-01-23,59,良,137,37,65,6,2,0.42
beijing,2023-01-24,36,优,73,7,36,5,2,0.2
beijing,2023-01-25,44,优,82,25,46,21,3,0.43
beijing,2023-01-26,46,优,43,21,49,15,2,0.35
beijing,2023-01-27,24,优,5,7,22,7,2,0.22
beijing,2023-01-28,62,良,195,15,74,11,2,0.24
beijing,2023-01-29,64,良,166,21,79,16,2,0.26
beijing,2023-01-30,63,良,124,34,76,37,4,0.52
beijing,2023-01-31,70,良,149,35,92,30,2,0.53
beijing,2023-02-01,30,优,18,8,32,6,2,0.16
beijing,2023-02-02,22,优,3,10,22,19,2,0.26
beijing,2023-02-03,42,优,58,23,44,37,2,0.43
beijing,2023-02-04,48,优,101,28,51,35,3,0.5
beijing,2023-02-05,100,良,211,74,114,54,5,0.82
beijing,2023-02-06,129,轻度污染,251,98,140,46,7,1.07
beijing,2023-02-07,67,良,165,47,76,39,4,0.84
beijing,2023-02-08,34,优,76,20,33,26,2,0.38
beijing,2023-02-09,68,良,228,49,70,43,4,0.65
beijing,2023-02-10,113,轻度污染,296,85,99,37,2,0.75
beijing,2023-02-11,185,中度污染,330,139,181,38,2,1.01
beijing,2023-02-12,108,轻度污染,312,81,100,26,2,0.81
beijing,2023-02-13,23,优,54,6,9,12,2,0.22
beijing,2023-02-14,20,优,25,8,16,21,2,0.26
beijing,2023-02-15,52,良,183,31,55,34,2,0.48
beijing,2023-02-16,92,良,274,68,101,48,3,0.65
beijing,2023-02-17,174,中度污染,321,132,177,62,3,1.04
beijing,2023-02-18,164,中度污染,321,124,159,43,2,0.9
beijing,2023-02-19,29,优,9,5,29,13,2,0.21
beijing,2023-02-20,23,优,4,4,23,15,2,0.19
beijing,2023-02-21,36,优,39,18,40,31,2,0.35
beijing,2023-02-22,78,良,278,56,97,55,3,0.67
beijing,2023-02-23,121,轻度污染,319,91,140,66,3,0.8
beijing,2023-02-24,43,优,92,25,40,25,2,0.29
beijing,2023-02-25,24,优,10,9,21,22,2,0.23
beijing,2023-02-26,88,良,258,60,98,39,3,0.55
beijing,2023-02-27,173,中度污染,326,131,185,53,4,0.9
beijing,2023-02-28,88,良,233,59,86,30,2,0.47
beijing,2023-03-01,21,优,1,4,16,18,2,0.19
beijing,2023-03-01,21,优,2,4,16,18,2,0.19
beijing,2023-03-02,51,良,64,19,60,36,2,0.35
beijing,2023-03-03,65,良,139,33,79,40,2,0.45
beijing,2023-03-04,139,轻度污染,323,103,168,54,8,1.2
beijing,2023-03-05,212,重度污染,334,162,224,46,3,1.42
beijing,2023-03-06,170,中度污染,329,132,181,43,2,1.1
beijing,2023-03-07,190,中度污染,334,146,216,56,6,1.26
beijing,2023-03-08,109,轻度污染,306,73,131,32,3,0.66
beijing,2023-03-09,77,良,199,42,104,46,3,0.53
beijing,2023-03-10,243,重度污染,331,82,397,37,3,0.52
beijing,2023-03-11,124,轻度污染,267,19,176,10,2,0.2
beijing,2023-03-12,53,良,114,8,59,8,2,0.18
beijing,2023-03-13,73,良,198,30,96,46,2,0.46
beijing,2023-03-14,126,轻度污染,318,42,195,33,3,0.44
beijing,2023-03-15,96,良,247,17,132,5,2,0.17
beijing,2023-03-16,49,优,97,13,54,21,2,0.28
beijing,2023-03-17,78,良,308,43,106,41,3,0.5
beijing,2023-03-18,44,优,133,21,45,28,2,0.3
beijing,2023-03-19,80,良,271,51,97,36,2,0.44
beijing,2023-03-20,148,轻度污染,325,113,158,42,3,0.67
beijing,2023-03-21,161,中度污染,305,122,165,41,2,0.77
beijing,2023-03-22,336,严重污染,304,171,679,16,2,0.3
beijing,2023-03-23,102,轻度污染,198,35,155,10,3,0.14
beijing,2023-03-24,60,良,177,19,74,18,2,0.23
beijing,2023-03-25,58,良,200,24,71,24,2,0.3
beijing,2023-03-26,51,良,141,22,61,23,2,0.25
beijing,2023-03-27,52,良,129,21,62,25,2,0.24
beijing,2023-03-28,92,良,290,62,132,43,5,0.65
beijing,2023-03-29,119,轻度污染,328,88,172,46,4,0.68
beijing,2023-03-30,108,轻度污染,322,78,162,38,3,0.58
beijing,2023-03-31,84,良,297,55,117,28,2,0.42
beijing,2023-04-01,78,良,268,53,103,26,2,0.43
beijing,2023-04-02,100,良,302,75,128,41,5,0.64
beijing,2023-04-03,70,良,288,44,90,29,4,0.62
beijing,2023-04-04,40,优,226,17,40,12,2,0.33
beijing,2023-04-05,35,优,153,19,34,15,2,0.28
beijing,2023-04-06,42,优,120,14,42,10,2,0.18
beijing,2023-04-07,32,优,54,5,34,7,2,0.11
beijing,2023-04-08,50,优,75,13,52,18,2,0.2
beijing,2023-04-09,86,良,271,58,118,35,3,0.45
beijing,2023-04-10,176,中度污染,300,108,333,40,2,0.54
beijing,2023-04-11,305,严重污染,262,107,548,5,2,0.15
beijing,2023-04-12,277,重度污染,263,105,388,27,2,0.32
beijing,2023-04-13,471,严重污染,337,161,582,45,2,0.58
beijing,2023-04-14,191,中度污染,304,79,272,23,2,0.35
beijing,2023-04-15,72,良,166,24,98,15,2,0.14
beijing,2023-04-16,49,优,46,15,54,19,2,0.17
beijing,2023-04-17,81,良,245,40,112,29,4,0.5
beijing,2023-04-18,71,良,217,33,92,33,2,0.51
beijing,2023-04-19,78,良,232,35,106,30,2,0.51
beijing,2023-04-20,73,良,201,20,98,12,2,0.2
beijing,2023-04-21,38,优,77,10,38,9,2,0.19
beijing,2023-04-22,32,优,95,19,32,15,2,0.28
beijing,2023-04-23,52,良,267,29,55,28,2,0.4
beijing,2023-04-24,56,良,299,27,64,23,2,0.35
beijing,2023-04-25,65,良,310,31,78,13,2,0.28
beijing,2023-04-26,51,良,213,14,55,22,2,0.21
beijing,2023-04-27,82,良,313,51,112,37,2,0.51
beijing,2023-04-28,67,良,247,37,85,16,2,0.32
beijing,2023-04-29,41,优,100,11,43,12,2,0.2
beijing,2023-04-30,42,优,87,13,42,18,2,0.22
beijing,2023-05-01,70,良,216,38,90,28,3,0.48
beijing,2023-05-02,77,良,291,40,100,23,3,0.59
beijing,2023-05-03,82,良,313,42,101,24,3,0.65
beijing,2023-05-04,53,良,293,31,64,16,2,0.62
beijing,2023-05-05,23,优,22,10,22,11,3,0.32
beijing,2023-05-06,29,优,89,7,24,17,2,0.21
beijing,2023-05-07,37,优,179,11,32,23,2,0.23
beijing,2023-05-08,48,优,243,18,49,24,2,0.28
beijing,2023-05-09,58,良,307,27,66,27,2,0.4
beijing,2023-05-10,55,良,265,21,57,28,2,0.38
beijing,2023-05-11,70,良,314,42,81,28,3,0.45
beijing,2023-05-12,57,良,211,38,62,28,2,0.48
beijing,2023-05-13,33,优,51,10,27,20,2,0.28
beijing,2023-05-14,69,良,244,30,72,26,3,0.47
beijing,2023-05-15,98,良,332,53,102,24,3,0.8
beijing,2023-05-16,84,良,307,48,105,18,2,0.62
beijing,2023-05-17,56,良,259,28,62,14,2,0.45
beijing,2023-05-18,49,优,225,18,50,19,2,0.49
beijing,2023-05-19,62,良,257,41,68,27,3,0.78
beijing,2023-05-20,158,中度污染,304,49,225,9,3,0.17
beijing,2023-05-21,91,良,267,30,116,9,2,0.18
beijing,2023-05-22,37,优,136,12,36,15,2,0.16
beijing,2023-05-23,43,优,128,12,40,22,2,0.24
beijing,2023-05-24,70,良,312,29,85,15,3,0.44
beijing,2023-05-25,63,良,294,34,77,15,2,0.41
beijing,2023-05-26,75,良,320,47,90,23,2,0.51
beijing,2023-05-27,85,良,335,62,89,19,2,0.69
beijing,2023-05-28,51,良,291,28,43,13,2,0.43
beijing,2023-05-29,66,良,321,29,58,17,2,0.49
beijing,2023-05-30,54,良,270,34,60,19,2,0.5
beijing,2023-05-31,60,良,286,41,70,25,2,0.59
beijing,2023-06-01,55,良,0,29,63,20,2,0.4
beijing,2023-06-02,35,优,0,7,29,12,2,0.19
beijing,2023-06-03,36,优,0,10,28,20,2,0.23
beijing,2023-06-04,36,优,0,9,27,17,2,0.2
beijing,2023-06-05,53,良,0,18,49,20,2,0.32
beijing,2023-06-06,36,优,0,11,31,13,2,0.2
beijing,2023-06-07,52,良,0,16,50,22,2,0.3
beijing,2023-06-08,40,优,0,10,40,14,2,0.19
beijing,2023-06-09,30,优,0,8,25,18,2,0.21
beijing,2023-06-10,27,优,0,5,16,10,2,0.22
beijing,2023-06-11,32,优,0,9,24,15,2,0.36
beijing,2023-06-12,40,优,0,13,25,12,2,0.35
beijing,2023-06-13,32,优,0,7,18,16,2,0.26
beijing,2023-06-14,79,良,0,24,54,21,2,0.54
beijing,2023-06-15,94,良,0,29,67,20,4,0.65
beijing,2023-06-16,99,良,0,38,80,19,4,0.73
beijing,2023-06-17,90,良,0,35,79,24,3,0.48
beijing,2023-06-18,90,良,0,43,79,14,2,0.62
beijing,2023-06-19,69,良,0,48,73,18,3,0.61
beijing,2023-06-20,41,优,0,18,26,14,2,0.33
beijing,2023-06-21,35,优,0,8,21,26,2,0.23
beijing,2023-06-22,66,良,0,16,42,27,2,0.3
beijing,2023-06-23,85,良,0,27,63,24,3,0.5
beijing,2023-06-24,77,良,0,28,64,21,3,0.45
beijing,2023-06-25,73,良,0,33,64,15,3,0.65
beijing,2023-06-26,49,优,0,23,45,13,2,0.45
beijing,2023-06-27,65,良,0,17,35,19,2,0.4
beijing,2023-06-28,46,优,0,24,48,20,2,0.5
beijing,2023-06-29,48,优,0,15,29,18,2,0.34
beijing,2023-06-30,81,良,0,20,51,25,2,0.45
beijing,2023-07-01,81,良,0,22,58,22,2,0.45
beijing,2023-07-02,90,良,0,29,63,23,2,0.48
beijing,2023-07-03,65,良,0,37,61,13,2,0.79
beijing,2023-07-04,39,优,0,15,22,9,2,0.4
beijing,2023-07-05,44,优,0,15,46,22,2,0.31
beijing,2023-07-06,58,良,0,12,45,28,2,0.3
beijing,2023-07-07,43,优,0,12,38,17,2,0.35
beijing,2023-07-08,29,优,0,5,16,13,2,0.27
beijing,2023-07-09,29,优,0,6,16,14,2,0.27
beijing,2023-07-10,65,良,0,17,42,19,3,0.45
beijing,2023-07-11,63,良,0,20,37,10,2,0.58
beijing,2023-07-12,35,优,0,22,29,10,3,0.69
beijing,2023-07-13,24,优,0,12,15,12,3,0.57
beijing,2023-07-14,34,优,0,17,26,11,3,0.43
beijing,2023-07-15,28,优,0,7,14,7,2,0.24
beijing,2023-07-16,30,优,0,11,20,14,2,0.26
beijing,2023-07-17,65,良,0,21,43,20,2,0.45
beijing,2023-07-18,68,良,0,27,51,20,2,0.48
beijing,2023-07-19,74,良,0,32,57,20,2,0.5
beijing,2023-07-20,71,良,0,34,62,21,2,0.52
beijing,2023-07-21,45,优,0,31,44,12,2,0.62
beijing,2023-07-22,34,优,0,23,29,10,3,0.58
beijing,2023-07-23,37,优,0,17,28,15,2,0.5
beijing,2023-07-24,61,良,0,31,52,16,2,0.58
beijing,2023-07-25,50,优,0,7,14,10,3,0.33
beijing,2023-07-26,57,良,0,32,52,14,3,0.64
beijing,2023-07-27,49,优,0,27,41,16,3,0.54
beijing,2023-07-28,26,优,0,11,22,15,3,0.41
beijing,2023-07-29,29,优,0,16,29,16,3,0.49
beijing,2023-07-30,11,优,0,4,7,7,3,0.37
beijing,2023-07-31,17,优,0,11,15,8,3,0.38
beijing,2023-08-01,30,优,0,20,27,11,3,0.5
beijing,2023-08-02,37,优,0,25,34,9,3,0.49
beijing,2023-08-03,57,良,0,40,56,10,3,0.55
beijing,2023-08-04,44,优,0,27,39,15,3,0.52
beijing,2023-08-05,33,优,0,14,27,15,2,0.37
beijing,2023-08-06,32,优,0,16,32,13,2,0.6
beijing,2023-08-07,46,优,0,26,47,17,2,0.53
beijing,2023-08-08,55,良,0,37,54,17,3,0.6
beijing,2023-08-09,70,良,0,50,70,15,3,0.78
beijing,2023-08-10,71,良,0,49,71,13,2,0.89
beijing,2023-08-11,62,良,0,43,65,20,2,0.68
beijing,2023-08-12,26,优,0,9,12,9,2,0.46
beijing,2023-08-13,30,优,0,11,20,13,2,0.46
beijing,2023-08-14,44,优,0,19,37,16,2,0.44
beijing,2023-08-15,54,良,0,25,48,16,2,0.51
beijing,2023-08-16,61,良,0,30,54,14,2,0.56
beijing,2023-08-17,56,良,0,26,42,13,2,0.6
beijing,2023-08-18,51,良,0,23,52,17,2,0.37
beijing,2023-08-19,65,良,0,23,56,22,2,0.42
beijing,2023-08-20,55,良,0,35,63,19,2,0.58
beijing,2023-08-21,38,优,0,10,18,11,3,0.43
beijing,2023-08-22,25,优,0,6,17,15,3,0.27
beijing,2023-08-23,29,优,0,9,23,16,2,0.32
beijing,2023-08-24,24,优,0,10,16,13,3,0.37
beijing,2023-08-25,30,优,0,14,24,15,3,0.41
beijing,2023-08-26,30,优,0,13,25,15,2,0.43
beijing,2023-08-27,39,优,0,22,37,19,2,0.53
beijing,2023-08-28,28,优,0,11,23,17,2,0.38
beijing,2023-08-29,27,优,0,10,22,16,3,0.29
beijing,2023-08-30,32,优,0,13,30,19,2,0.35
beijing,2023-08-31,37,优,0,20,36,16,2,0.46
beijing,2023-09-01,39,优,0,20,33,17,3,0.54
beijing,2023-09-02,47,优,0,27,49,23,2,0.57
beijing,2023-09-03,49,优,0,28,38,15,2,0.57
beijing,2023-09-04,71,良,0,48,65,20,2,0.68
beijing,2023-09-05,99,良,0,72,92,18,2,0.84
beijing,2023-09-06,90,良,0,62,85,19,3,0.78
beijing,2023-09-07,82,良,0,60,83,16,3,0.71
beijing,2023-09-08,96,良,0,71,92,20,2,0.83
beijing,2023-09-09,28,优,0,16,19,9,3,0.49
beijing,2023-09-10,31,优,0,20,26,11,3,0.56
beijing,2023-09-11,43,优,0,26,36,16,3,0.57
beijing,2023-09-12,22,优,0,5,14,18,2,0.3
beijing,2023-09-13,39,优,0,13,38,23,2,0.44
beijing,2023-09-14,53,良,0,24,51,26,2,0.5
beijing,2023-09-15,62,良,0,30,58,28,2,0.5
beijing,2023-09-16,74,良,0,49,79,28,2,0.64
beijing,2023-09-17,75,良,0,55,80,24,2,0.65
beijing,2023-09-18,37,优,0,20,34,19,2,0.5
beijing,2023-09-19,23,优,0,8,20,23,2,0.33
beijing,2023-09-20,24,优,0,7,21,22,2,0.32
beijing,2023-09-21,43,优,0,16,44,27,2,0.43
beijing,2023-09-22,29,优,0,9,23,18,2,0.32
beijing,2023-09-23,33,优,0,13,32,25,2,0.45
beijing,2023-09-24,45,优,0,21,46,32,2,0.55
beijing,2023-09-25,45,优,0,25,47,27,2,0.53
beijing,2023-09-26,64,良,0,45,72,33,2,0.67
beijing,2023-09-27,53,良,0,32,54,27,2,0.53
beijing,2023-09-28,27,优,0,7,26,29,2,0.3
beijing,2023-09-29,42,优,0,14,43,25,2,0.34
beijing,2023-09-30,21,优,0,4,14,12,3,0.24
beijing,2023-10-01,27,优,0,8,25,20,2,0.25
beijing,2023-10-02,49,优,0,24,55,30,2,0.44
beijing,2023-10-03,55,良,0,33,63,24,2,0.54
beijing,2023-10-04,22,优,0,8,19,17,2,0.3
beijing,2023-10-05,22,优,0,7,22,21,2,0.25
beijing,2023-10-06,35,优,0,14,36,26,2,0.33
beijing,2023-10-07,58,良,0,33,68,33,2,0.53
beijing,2023-10-08,43,优,0,26,47,29,2,0.41
beijing,2023-10-09,20,优,0,6,13,15,2,0.3
beijing,2023-10-10,27,优,84,12,24,24,2,0.42
beijing,2023-10-11,50,优,211,28,54,32,2,0.51
beijing,2023-10-12,91,良,312,67,104,50,2,0.71
beijing,2023-10-13,58,良,236,39,52,29,2,0.52
beijing,2023-10-14,22,优,27,7,16,26,2,0.32
beijing,2023-10-15,27,优,40,8,26,24,2,0.3
beijing,2023-10-16,34,优,69,12,34,22,2,0.4
beijing,2023-10-17,59,良,194,32,69,32,2,0.59
beijing,2023-10-18,31,优,58,15,29,19,2,0.37
beijing,2023-10-19,19,优,13,4,16,13,2,0.22
beijing,2023-10-20,23,优,61,5,19,14,2,0.25
beijing,2023-11-01,167,中度污染,329,128,196,33,2,1.19
beijing,2023-11-02,109,轻度污染,316,68,147,17,2,0.79
beijing,2023-11-03,34,优,76,5,37,17,2,0.28
beijing,2023-11-04,64,良,220,23,77,35,2,0.53
beijing,2023-11-05,43,优,154,19,52,23,2,0.48
beijing,2023-11-06,43,优,195,10,49,7,2,0.21
beijing,2023-11-07,40,优,128,20,41,31,2,0.36
beijing,2023-11-08,55,良,195,30,60,37,2,0.48
beijing,2023-11-09,24,优,35,5,17,9,2,0.25
beijing,2023-11-10,18,优,18,5,17,13,2,0.23
beijing,2023-11-11,19,优,41,8,19,16,2,0.23
beijing,2023-11-12,17,优,36,5,16,7,2,0.2
beijing,2023-11-13,35,优,128,20,38,27,2,0.3
beijing,2023-11-14,57,良,174,35,65,45,2,0.53
beijing,2023-11-15,69,良,170,45,87,52,2,0.69
beijing,2023-11-16,25,优,22,6,24,8,2,0.2
beijing,2023-11-17,18,优,4,3,16,6,2,0.22
beijing,2023-11-18,40,优,50,18,44,38,2,0.4
beijing,2023-11-19,55,良,125,25,61,38,2,0.45
beijing,2023-11-20,88,良,260,60,115,63,3,0.77
beijing,2023-11-21,150,轻度污染,312,113,177,63,3,0.99
beijing,2023-11-22,123,轻度污染,294,81,137,40,2,0.71
beijing,2023-11-23,23,优,19,3,23,5,2,0.21
beijing,2023-11-24,25,优,48,8,25,17,2,0.32
beijing,2023-11-25,54,良,166,29,59,45,3,0.52
beijing,2023-11-26,63,良,164,36,76,50,2,0.69
beijing,2023-11-27,46,优,52,24,55,29,2,0.53
beijing,2023-11-28,28,优,24,9,26,20,2,0.27
beijing,2023-11-29,20,优,3,5,17,5,2,0.21
beijing,2023-11-30,20,优,4,6,19,10,2,0.21
beijing,2023-12-01,36,优,68,17,39,30,2,0.34
beijing,2023-12-02,51,良,136,24,56,41,3,0.49
beijing,2023-12-03,56,良,133,33,66,53,4,0.66
beijing,2023-12-04,80,良,210,58,108,63,4,0.96
beijing,2023-12-05,99,良,226,71,135,70,5,1.13
beijing,2023-12-06,107,轻度污染,242,39,165,22,2,0.28
beijing,2023-12-07,174,中度污染,334,88,299,58,4,0.75
beijing,2023-12-08,147,轻度污染,330,85,244,71,4,1.1
beijing,2023-12-09,83,良,236,37,115,44,4,0.74
beijing,2023-12-10,56,良,191,28,61,37,7,0.78
beijing,2023-12-11,41,优,173,26,40,27,2,0.57
beijing,2023-12-12,76,良,285,56,70,40,2,0.75
beijing,2023-12-13,104,轻度污染,316,78,97,44,2,1.24
beijing,2023-12-14,72,良,274,52,64,30,2,1.02
beijing,2023-12-15,19,优,8,8,18,7,2,0.3
beijing,2023-12-16,19,优,16,6,16,4,3,0.25
beijing,2023-12-17,29,优,82,16,29,22,2,0.39
beijing,2023-12-18,69,良,255,49,68,53,3,0.68
beijing,2023-12-19,42,优,117,23,36,21,2,0.4
beijing,2023-12-20,19,优,14,7,15,7,2,0.3
beijing,2023-12-21,22,优,10,8,21,10,2,0.24
beijing,2023-12-22,35,优,36,16,35,31,2,0.4
beijing,2023-12-23,42,优,47,24,42,30,2,0.48
beijing,2023-12-24,49,优,78,30,51,34,3,0.46
beijing,2023-12-25,67,良,134,45,75,61,2,0.76
beijing,2023-12-26,55,良,69,34,58,46,2,0.61
beijing,2023-12-27,45,优,48,25,45,43,2,0.65
beijing,2023-12-28,62,良,67,43,69,50,2,0.81
beijing,2023-12-29,123,轻度污染,186,93,126,68,2,1.13
beijing,2023-12-30,163,中度污染,225,121,152,64,2,1.22
beijing,2023-12-31,27,优,14,11,27,19,2,0.27
shanghai,2022-01-01,34,优,29,17,34,52,5,0.68
shanghai,2022-01-02,95,良,234,71,78,64,8,1.15
shanghai,2022-01-03,90,良,184,66,69,75,6,1.08
shanghai,2022-01-04,68,良,127,49,47,60,5,0.92
shanghai,2022-01-05,26,优,13,14,17,29,4,0.64
shanghai,2022-01-06,28,优,29,12,25,24,4,0.66
shanghai,2022-01-07,41,优,82,27,35,38,4,0.72
shanghai,2022-01-08,45,优,80,32,37,46,5,0.77
shanghai,2022-01-09,80,良,167,58,51,47,5,0.9
shanghai,2022-01-10,148,轻度污染,282,112,87,62,6,1.28
shanghai,2022-01-11,82,良,232,60,43,34,5,0.91
shanghai,2022-01-12,58,良,117,41,49,58,5,0.85
shanghai,2022-01-13,79,良,208,58,58,56,5,1.03
shanghai,2022-01-14,33,优,35,20,30,40,4,0.72
shanghai,2022-01-15,92,良,191,68,56,65,5,1.02
shanghai,2022-01-16,112,轻度污染,249,84,73,58,5,1.18
shanghai,2022-01-17,36,优,78,16,36,47,4,0.68
shanghai,2022-01-18,52,良,114,36,45,41,5,0.72
shanghai,2022-01-19,51,良,108,35,41,54,5,0.73
shanghai,2022-01-20,47,优,100,32,36,24,4,0.69
shanghai,2022-01-21,23,优,18,12,22,26,4,0.59
shanghai,2022-01-22,28,优,59,18,17,51,4,0.7
shanghai,2022-01-23,23,优,49,13,10,34,4,0.65
shanghai,2022-01-24,70,良,188,51,55,23,4,0.99
shanghai,2022-01-25,108,轻度污染,224,81,81,39,5,1.08
shanghai,2022-01-26,62,良,178,44,42,33,4,0.77
shanghai,2022-01-27,49,优,167,34,37,22,4,0.81
shanghai,2022-01-28,27,优,100,15,25,18,4,0.56
shanghai,2022-01-29,33,优,122,22,27,19,4,0.65
shanghai,2022-01-30,34,优,97,23,28,21,4,0.63
shanghai,2022-01-31,81,良,235,60,68,38,6,0.9
shanghai,2022-02-01,112,轻度污染,265,82,108,21,6,0.79
shanghai,2022-02-02,37,优,119,24,32,14,4,0.59
shanghai,2022-02-03,24,优,66,13,16,16,5,0.5
shanghai,2022-02-04,37,优,131,25,30,24,5,0.66
shanghai,2022-02-05,64,良,279,45,58,24,5,0.7
shanghai,2022-02-06,26,优,35,14,24,15,5,0.5
shanghai,2022-02-07,24,优,61,6,8,17,4,0.48
shanghai,2022-02-08,21,优,52,7,11,19,4,0.52
shanghai,2022-02-09,22,优,48,14,19,29,4,0.53
shanghai,2022-02-10,35,优,96,24,28,26,5,0.6
shanghai,2022-02-11,52,良,149,36,44,28,4,0.63
shanghai,2022-02-12,55,良,160,38,54,33,5,0.68
shanghai,2022-02-13,59,良,178,42,56,32,5,0.68
shanghai,2022-02-14,54,良,170,37,54,36,5,0.65
shanghai,2022-02-15,70,良,226,50,67,25,4,0.69
shanghai,2022-02-16,40,优,88,27,40,26,4,0.57
shanghai,2022-02-17,27,优,64,16,26,16,4,0.5
shanghai,2022-02-18,23,优,59,12,21,24,4,0.5
shanghai,2022-02-19,37,优,162,23,33,20,4,0.62
shanghai,2022-02-20,35,优,113,17,35,21,5,0.59
shanghai,2022-02-21,42,优,164,27,43,41,6,0.66
shanghai,2022-02-22,71,良,287,51,73,52,7,0.69
shanghai,2022-02-23,43,优,149,28,42,25,5,0.52
shanghai,2022-02-24,30,优,55,16,29,41,5,0.52
shanghai,2022-02-25,31,优,27,17,29,41,5,0.51
shanghai,2022-02-26,56,良,138,39,59,48,6,0.68
shanghai,2022-02-27,69,良,182,40,81,32,5,0.65
shanghai,2022-02-28,68,良,137,45,76,37,6,0.68
shanghai,2022-03-01,115,轻度污染,305,87,112,42,5,0.94
shanghai,2022-03-02,82,良,241,60,96,41,6,0.75
shanghai,2022-03-03,78,良,187,51,101,46,9,0.72
shanghai,2022-03-04,51,良,67,34,50,43,5,0.64
shanghai,2022-03-05,93,良,273,42,121,35,4,0.58
shanghai,2022-03-06,41,优,70,8,42,22,4,0.42
shanghai,2022-03-07,42,优,111,20,46,37,5,0.56
shanghai,2022-03-08,64,良,171,39,75,55,6,0.65
shanghai,2022-03-09,67,良,163,39,78,37,7,0.58
shanghai,2022-03-10,65,良,158,31,80,31,6,0.6
shanghai,2022-03-11,61,良,150,32,72,56,7,0.65
shanghai,2022-03-12,49,优,88,26,50,40,7,0.55
shanghai,2022-03-13,50,优,105,29,53,33,6,0.6
shanghai,2022-03-14,66,良,164,45,72,41,6,0.75
shanghai,2022-03-15,57,良,127,30,63,30,6,0.76
shanghai,2022-03-16,54,良,137,32,59,41,8,0.74
shanghai,2022-03-17,19,优,3,11,13,23,4,0.6
shanghai,2022-03-18,38,优,126,24,32,29,4,0.77
shanghai,2022-03-19,71,良,273,51,67,32,4,0.85
shanghai,2022-03-20,25,优,21,14,20,21,4,0.6
shanghai,2022-03-21,27,优,97,7,8,16,4,0.59
shanghai,2022-03-22,32,优,140,12,26,17,4,0.6
shanghai,2022-03-23,34,优,123,20,34,24,5,0.65
shanghai,2022-03-24,30,优,83,12,28,26,5,0.53
shanghai,2022-03-25,26,优,67,11,17,20,4,0.65
shanghai,2022-03-26,40,优,128,26,36,22,4,0.8
shanghai,2022-03-27,61,良,235,33,76,38,8,0.78
shanghai,2022-03-28,35,优,84,12,33,14,4,0.51
shanghai,2022-03-29,34,优,45,13,33,18,5,0.53
shanghai,2022-03-30,39,优,114,24,41,21,6,0.7
shanghai,2022-03-31,44,优,194,26,43,16,4,0.74
shanghai,2022-04-01,34,优,119,18,31,12,5,0.66
shanghai,2022-04-02,35,优,119,18,29,13,5,0.61
shanghai,2022-04-03,32,优,31,14,20,15,5,0.55
shanghai,2022-04-04,36,优,45,19,27,15,5,0.58
shanghai,2022-04-05,35,优,39,20,35,24,7,0.66
shanghai,2022-04-06,52,良,139,34,51,31,7,0.75
shanghai,2022-04-07,64,良,209,36,56,27,7,0.72
shanghai,2022-04-08,50,优,62,26,50,27,8,0.65
shanghai,2022-04-09,51,良,77,22,48,19,8,0.66
shanghai,2022-04-10,45,优,49,24,45,15,7,0.7
shanghai,2022-04-11,54,良,87,29,48,20,8,0.72
shanghai,2022-04-12,36,优,70,21,33,24,8,0.69
shanghai,2022-04-13,25,优,15,13,15,15,4,0.7
shanghai,2022-04-14,21,优,5,9,10,11,4,0.71
shanghai,2022-04-15,34,优,113,14,26,11,5,0.71
shanghai,2022-04-16,47,优,198,32,48,14,6,0.69
shanghai,2022-04-17,37,优,94,19,33,16,5,0.6
shanghai,2022-04-18,37,优,94,16,31,17,6,0.65
shanghai,2022-04-19,55,良,156,38,55,25,8,0.78
shanghai,2022-04-20,71,良,238,43,70,23,10,0.82
shanghai,2022-04-21,66,良,227,45,57,17,7,0.87
shanghai,2022-04-22,53,良,189,36,47,24,10,0.9
shanghai,2022-04-23,33,优,65,16,17,14,5,0.74
shanghai,2022-04-24,27,优,25,9,8,10,4,0.7
shanghai,2022-04-25,28,优,62,18,19,13,6,0.76
shanghai,2022-04-26,26,优,36,16,18,17,5,0.87
shanghai,2022-04-27,56,良,213,16,65,11,5,0.68
shanghai,2022-04-28,71,良,301,22,94,13,5,0.7
shanghai,2022-04-29,33,优,93,12,21,10,5,0.71
shanghai,2022-04-30,33,优,122,17,25,13,5,0.75
shanghai,2022-05-01,36,优,142,22,32,13,6,0.78
shanghai,2022-05-02,56,良,259,39,53,21,7,0.82
shanghai,2022-05-03,76,良,314,47,66,30,8,0.88
shanghai,2022-05-04,67,良,274,41,54,18,9,0.8
shanghai,2022-05-05,35,优,34,16,28,13,6,0.71
shanghai,2022-05-06,32,优,48,15,20,12,7,0.7
shanghai,2022-05-07,25,优,25,11,13,11,5,0.67
shanghai,2022-05-08,31,优,49,12,24,12,5,0.65
shanghai,2022-05-09,31,优,74,11,22,13,5,0.63
shanghai,2022-05-10,29,优,76,13,25,10,5,0.68
shanghai,2022-05-11,28,优,93,15,25,11,5,0.7
shanghai,2022-05-12,29,优,129,14,17,12,5,0.7
shanghai,2022-05-13,33,优,153,15,19,12,5,0.76
shanghai,2022-05-14,38,优,199,19,31,15,5,0.75
shanghai,2022-05-15,36,优,171,22,33,21,7,0.8
shanghai,2022-05-16,54,良,286,31,47,24,7,0.81
shanghai,2022-05-17,74,良,329,39,55,21,8,0.84
shanghai,2022-05-18,47,优,152,22,34,18,8,0.74
shanghai,2022-05-19,40,优,103,23,33,14,6,0.7
shanghai,2022-05-20,36,优,72,24,26,20,5,0.7
shanghai,2022-05-21,31,优,52,14,18,14,5,0.7
shanghai,2022-05-22,38,优,124,19,27,13,7,0.7
shanghai,2022-05-23,34,优,102,11,17,10,5,0.68
shanghai,2022-05-24,34,优,117,9,11,9,5,0.7
shanghai,2022-05-25,29,优,110,13,18,14,5,0.7
shanghai,2022-05-26,35,优,165,24,29,28,6,0.75
shanghai,2022-05-27,63,良,281,38,46,21,7,0.78
shanghai,2022-05-28,36,优,149,16,18,15,5,0.68
shanghai,2022-05-29,27,优,69,14,14,18,4,0.76
shanghai,2022-05-30,51,良,262,34,40,23,5,0.92
shanghai,2022-05-31,30,优,96,7,18,18,5,0.52
shanghai,2022-06-01,46,优,210,32,40,23,5,0.83
shanghai,2022-06-02,57,良,236,37,42,19,4,0.67
shanghai,2022-06-03,27,优,108,10,15,11,3,0.47
shanghai,2022-06-04,27,优,124,16,22,16,4,0.49
shanghai,2022-06-05,26,优,99,15,17,22,3,0.57
shanghai,2022-06-06,44,优,193,24,35,18,4,0.59
shanghai,2022-06-07,45,优,185,28,40,17,4,0.6
shanghai,2022-06-08,29,优,78,13,23,19,4,0.48
shanghai,2022-06-09,38,优,154,22,34,13,4,0.5
shanghai,2022-06-10,25,优,92,11,16,16,4,0.43
shanghai,2022-06-11,32,优,125,13,20,11,4,0.39
shanghai,2022-06-12,32,优,146,21,28,16,4,0.42
shanghai,2022-06-13,23,优,63,8,10,19,3,0.45
shanghai,2022-06-14,57,良,317,36,44,25,4,0.58
shanghai,2022-06-15,84,良,328,48,62,28,5,0.67
shanghai,2022-06-16,66,良,281,40,57,26,6,0.65
shanghai,2022-06-17,59,良,266,31,49,22,5,0.62
shanghai,2022-06-18,33,优,145,18,30,17,4,0.53
shanghai,2022-06-19,41,优,201,27,41,26,4,0.62
shanghai,2022-06-20,20,优,42,9,13,17,4,0.52
shanghai,2022-06-21,25,优,91,13,21,18,4,0.53
shanghai,2022-06-22,39,优,227,23,33,20,4,0.55
shanghai,2022-06-23,30,优,184,15,30,19,4,0.5
shanghai,2022-06-24,25,优,103,11,20,26,4,0.57
shanghai,2022-06-25,36,优,188,19,28,18,4,0.54
shanghai,2022-06-26,31,优,145,15,29,15,5,0.53
shanghai,2022-06-27,25,优,117,10,23,12,5,0.49
shanghai,2022-06-28,26,优,112,11,25,13,5,0.5
shanghai,2022-06-29,27,优,92,14,26,16,4,0.51
shanghai,2022-06-30,21,优,52,8,20,13,4,0.48
shanghai,2022-07-01,19,优,37,7,19,10,4,0.45
shanghai,2022-07-02,15,优,20,6,15,9,4,0.4
shanghai,2022-07-03,17,优,41,8,16,10,4,0.4
shanghai,2022-07-04,17,优,32,8,17,12,4,0.4
shanghai,2022-07-05,33,优,192,17,32,14,4,0.5
shanghai,2022-07-06,34,优,229,14,31,14,4,0.5
shanghai,2022-07-07,38,优,215,20,33,22,4,0.59
shanghai,2022-07-08,41,优,197,23,35,23,4,0.57
shanghai,2022-07-09,49,优,249,27,38,22,5,0.62
shanghai,2022-07-10,59,良,317,38,49,18,5,0.6
shanghai,2022-07-11,31,优,129,14,25,22,4,0.6
shanghai,2022-07-12,54,良,319,29,47,24,5,0.63
shanghai,2022-07-13,63,良,328,31,48,23,5,0.59
shanghai,2022-07-14,63,良,321,30,48,26,5,0.6
shanghai,2022-07-15,46,优,241,29,43,29,4,0.7
shanghai,2022-07-16,43,优,258,29,35,33,4,0.82
shanghai,2022-07-17,51,良,321,33,44,20,4,0.68
shanghai,2022-07-18,33,优,188,23,30,20,4,0.76
shanghai,2022-07-19,31,优,172,21,28,22,3,0.69
shanghai,2022-07-20,41,优,283,24,35,22,4,0.62
shanghai,2022-07-21,29,优,142,17,28,23,3,0.6
shanghai,2022-07-22,72,良,329,38,48,23,4,0.79
shanghai,2022-07-23,47,优,302,30,41,17,4,0.58
shanghai,2022-07-24,50,优,272,29,39,19,5,0.85
shanghai,2022-07-25,42,优,165,24,33,13,3,0.59
shanghai,2022-07-26,47,优,248,21,38,23,4,0.57
shanghai,2022-07-27,55,良,312,25,41,31,4,0.6
shanghai,2022-07-28,42,优,239,20,35,21,4,0.51
shanghai,2022-07-29,16,优,8,8,16,10,3,0.4
shanghai,2022-07-30,19,优,20,11,19,15,4,0.46
shanghai,2022-07-31,27,优,64,16,27,16,4,0.57
shanghai,2022-08-01,33,优,105,19,31,17,4,0.58
shanghai,2022-08-02,45,优,210,30,41,13,3,0.58
shanghai,2022-08-03,24,优,46,11,19,11,4,0.51
shanghai,2022-08-04,26,优,78,10,21,13,4,0.55
shanghai,2022-08-05,43,优,246,16,31,17,5,0.6
shanghai,2022-08-06,42,优,256,22,42,34,5,0.77
shanghai,2022-08-07,33,优,191,14,26,18,5,0.57
shanghai,2022-08-08,24,优,113,8,20,13,5,0.5
shanghai,2022-08-09,29,优,175,11,25,14,5,0.56
shanghai,2022-08-10,37,优,240,14,30,18,5,0.6
shanghai,2022-08-11,51,良,288,22,42,28,5,0.66
shanghai,2022-08-12,53,良,280,25,46,34,5,0.71
shanghai,2022-08-13,57,良,313,27,48,24,5,0.69
shanghai,2022-08-14,46,优,285,20,37,18,5,0.66
shanghai,2022-08-15,41,优,255,16,32,16,5,0.6
shanghai,2022-08-16,40,优,217,19,35,23,5,0.67
shanghai,2022-08-17,40,优,210,19,33,24,4,0.81
shanghai,2022-08-18,39,优,209,21,34,21,4,0.58
shanghai,2022-08-19,35,优,189,14,28,17,5,0.54
shanghai,2022-08-20,41,优,237,23,42,27,5,0.73
shanghai,2022-08-21,36,优,177,20,36,18,4,0.7
shanghai,2022-08-22,46,优,300,26,41,20,4,0.72
shanghai,2022-08-23,58,良,328,26,44,25,5,0.79
shanghai,2022-08-24,33,优,162,11,33,14,4,0.6
shanghai,2022-08-25,29,优,123,10,29,16,4,0.56
shanghai,2022-08-26,31,优,180,12,31,21,4,0.61
shanghai,2022-08-27,29,优,165,14,25,20,4,0.67
shanghai,2022-08-28,27,优,148,8,26,13,4,0.6
shanghai,2022-08-29,35,优,232,13,32,17,5,0.67
shanghai,2022-08-30,44,优,279,27,45,21,4,0.77
shanghai,2022-08-31,24,优,63,11,18,18,4,0.66
shanghai,2022-09-01,33,优,170,13,25,14,4,0.61
shanghai,2022-09-02,28,优,74,10,23,13,4,0.56
shanghai,2022-09-03,18,优,14,6,14,13,4,0.51
shanghai,2022-09-04,18,优,14,6,17,10,4,0.49
shanghai,2022-09-05,21,优,27,4,9,10,4,0.53
shanghai,2022-09-06,59,良,239,33,57,27,5,0.85
shanghai,2022-09-07,70,良,296,36,61,29,6,0.75
shanghai,2022-09-08,40,优,103,18,41,34,6,0.59
shanghai,2022-09-09,31,优,46,12,27,21,5,0.58
shanghai,2022-09-10,31,优,43,13,26,20,5,0.55
shanghai,2022-09-11,30,优,44,12,30,16,5,0.51
shanghai,2022-09-12,27,优,38,15,26,20,5,0.61
shanghai,2022-09-13,19,优,29,8,15,15,4,0.56
shanghai,2022-09-14,16,优,21,8,15,13,4,0.61
shanghai,2022-09-15,19,优,40,9,12,15,4,0.63
shanghai,2022-09-16,44,优,179,29,42,29,5,0.69
shanghai,2022-09-17,53,良,199,37,47,35,5,0.9
shanghai,2022-09-18,37,优,112,21,34,18,5,0.73
shanghai,2022-09-19,55,良,255,25,57,16,6,0.73
shanghai,2022-09-20,41,优,188,11,41,16,5,0.53
shanghai,2022-09-21,31,优,84,8,31,22,5,0.5
shanghai,2022-09-22,36,优,101,12,36,31,6,0.52
shanghai,2022-09-23,50,优,194,18,56,32,6,0.63
shanghai,2022-09-24,29,优,76,8,28,17,5,0.5
shanghai,2022-09-25,30,优,55,9,30,20,5,0.53
shanghai,2022-09-26,35,优,80,16,35,26,6,0.6
shanghai,2022-09-27,28,优,53,10,22,21,5,0.54
shanghai,2022-09-28,26,优,41,15,25,32,5,0.58
shanghai,2022-09-29,27,优,30,14,23,33,5,0.61
shanghai,2022-09-30,25,优,47,12,24,26,5,0.61
shanghai,2022-10-01,37,优,154,23,34,23,5,0.61
shanghai,2022-10-02,29,优,116,15,29,15,6,0.6
shanghai,2022-10-03,34,优,203,18,34,18,6,0.63
shanghai,2022-10-04,28,优,206,11,28,14,5,0.65
shanghai,2022-10-05,26,优,170,8,25,13,5,0.53
shanghai,2022-10-06,20,优,95,8,14,17,5,0.6
shanghai,2022-10-07,23,优,99,9,17,19,5,0.6
shanghai,2022-10-08,27,优,97,13,27,28,5,0.61
shanghai,2022-10-09,41,优,247,26,38,28,5,0.74
shanghai,2022-10-10,47,优,294,14,48,26,7,0.65
shanghai,2022-10-11,38,优,130,18,39,35,7,0.65
shanghai,2022-10-12,29,优,36,11,28,29,5,0.55
shanghai,2022-10-13,29,优,29,10,28,27,6,0.6
shanghai,2022-10-14,35,优,44,14,35,32,5,0.63
shanghai,2022-10-15,37,优,43,22,37,31,5,0.65
shanghai,2022-10-16,45,优,120,29,42,28,5,0.69
shanghai,2022-10-17,56,良,233,30,52,18,5,0.67
shanghai,2022-10-18,32,优,50,9,32,21,5,0.58
shanghai,2022-10-19,29,优,24,11,28,26,6,0.59
shanghai,2022-10-20,32,优,37,11,31,35,5,0.59
shanghai,2022-10-21,39,优,67,16,39,43,6,0.63
shanghai,2022-10-22,42,优,89,26,42,32,6,0.68
shanghai,2022-10-23,41,优,89,23,43,17,6,0.63
shanghai,2022-10-24,32,优,46,11,32,21,6,0.54
shanghai,2022-10-25,29,优,35,8,28,22,5,0.52
shanghai,2022-10-26,31,优,48,9,31,36,5,0.58
shanghai,2022-10-27,21,优,21,7,18,30,5,0.58
shanghai,2022-10-28,35,优,137,13,33,18,5,0.58
shanghai,2022-10-29,31,优,89,13,31,22,6,0.6
shanghai,2022-10-30,36,优,105,18,36,24,5,0.63
shanghai,2022-10-31,30,优,60,10,30,25,5,0.58
shanghai,2022-11-01,37,优,115,20,37,25,6,0.64
shanghai,2022-11-02,53,良,205,31,54,28,6,0.73
shanghai,2022-11-03,38,优,125,18,38,36,6,0.69
shanghai,2022-11-04,36,优,117,15,36,19,6,0.59
shanghai,2022-11-05,41,优,112,21,41,27,6,0.63
shanghai,2022-11-06,31,优,56,14,30,34,6,0.58
shanghai,2022-11-07,33,优,56,16,32,33,6,0.61
shanghai,2022-11-08,32,优,54,16,32,40,6,0.62
shanghai,2022-11-09,41,优,81,21,41,35,6,0.65
shanghai,2022-11-10,51,良,124,35,48,32,6,0.7
shanghai,2022-11-11,36,优,71,25,29,31,5,0.62
shanghai,2022-11-12,29,优,79,16,28,26,6,0.65
shanghai,2022-11-13,30,优,119,15,27,20,5,0.75
shanghai,2022-11-14,43,优,136,24,42,37,6,0.8
shanghai,2022-11-15,80,良,298,59,73,57,8,1.08
shanghai,2022-11-16,91,良,295,68,77,54,8,1.0
shanghai,2022-11-17,23,优,17,9,10,23,5,0.6
shanghai,2022-11-18,29,优,49,11,28,31,5,0.62
shanghai,2022-11-19,44,优,128,25,39,46,6,0.73
shanghai,2022-11-20,65,良,232,47,49,37,5,0.92
shanghai,2022-11-21,58,良,219,41,53,47,6,0.9
shanghai,2022-11-22,47,优,198,33,32,35,5,0.82
shanghai,2022-11-23,28,优,86,14,26,31,5,0.72
shanghai,2022-11-24,42,优,139,20,42,49,6,0.7
shanghai,2022-11-25,44,优,126,19,47,50,6,0.67
shanghai,2022-11-26,66,良,247,45,67,55,7,0.93
shanghai,2022-11-27,40,优,126,21,38,35,6,0.61
shanghai,2022-11-28,29,优,85,13,27,29,6,0.6
shanghai,2022-11-29,27,优,80,14,22,21,5,0.73
shanghai,2022-11-30,27,优,110,12,26,23,5,0.66
shanghai,2022-12-01,33,优,148,18,33,31,6,0.78
shanghai,2022-12-02,47,优,172,28,50,46,8,0.96
shanghai,2022-12-03,42,优,146,28,34,47,6,0.94
shanghai,2022-12-04,31,优,109,12,30,16,5,0.62
shanghai,2022-12-05,22,优,51,11,20,23,5,0.61
shanghai,2022-12-06,37,优,97,16,39,52,6,0.73
shanghai,2022-12-07,53,良,137,32,59,57,7,0.79
shanghai,2022-12-08,57,良,132,33,64,68,7,0.75
shanghai,2022-12-09,44,优,80,28,40,61,6,0.92
shanghai,2022-12-10,71,良,189,52,52,46,6,1.14
shanghai,2022-12-11,53,良,144,32,46,23,6,0.67
shanghai,2022-12-12,49,优,63,31,50,43,6,0.73
shanghai,2022-12-13,99,良,246,57,136,58,9,0.95
shanghai,2022-12-14,78,良,236,26,105,39,7,0.69
shanghai,2022-12-15,56,良,130,20,63,53,7,0.66
shanghai,2022-12-16,36,优,86,14,36,39,6,0.63
shanghai,2022-12-17,47,优,131,25,54,22,7,0.75
shanghai,2022-12-18,58,良,226,18,66,34,8,0.76
shanghai,2022-12-19,54,良,128,24,59,58,8,0.81
shanghai,2022-12-20,46,优,59,21,46,55,7,0.7
shanghai,2022-12-21,68,良,175,42,89,47,9,0.83
shanghai,2022-12-22,77,良,255,45,102,46,9,0.83
shanghai,2022-12-23,38,优,77,16,38,32,9,0.76
shanghai,2022-12-24,50,优,120,30,52,43,9,0.86
shanghai,2022-12-25,46,优,73,30,47,39,8,0.89
shanghai,2022-12-26,61,良,151,43,58,57,8,0.98
shanghai,2022-12-27,95,良,217,71,76,51,10,1.07
shanghai,2022-12-28,105,轻度污染,250,79,82,43,9,1.06
shanghai,2022-12-29,46,优,87,31,40,34,7,0.74
shanghai,2022-12-30,44,优,64,30,44,52,8,0.86
shanghai,2022-12-31,92,良,215,68,80,68,9,1.07
shanghai,2023-01-01,111,轻度污染,230,83,93,87,9,1.03
shanghai,2023-01-02,81,良,200,60,63,41,7,0.84
shanghai,2023-01-03,27,优,26,14,27,33,7,0.59
shanghai,2023-01-04,50,优,84,34,46,53,8,0.71
shanghai,2023-01-05,55,良,80,36,47,62,7,0.68
shanghai,2023-01-06,103,轻度污染,164,77,91,68,9,0.9
shanghai,2023-01-07,130,轻度污染,269,98,131,71,10,1.13
shanghai,2023-01-08,77,良,140,49,98,45,8,0.68
shanghai,2023-01-09,85,良,188,60,97,46,8,0.81
shanghai,2023-01-10,34,优,58,11,34,26,6,0.45
shanghai,2023-01-11,39,优,67,19,39,44,6,0.57
shanghai,2023-01-12,28,优,35,18,25,30,6,0.55
shanghai,2023-01-13,28,优,55,18,17,41,5,0.77
shanghai,2023-01-14,21,优,33,12,14,17,5,0.66
shanghai,2023-01-15,31,优,109,20,29,16,5,0.72
shanghai,2023-01-16,48,优,133,29,49,22,8,0.88
shanghai,2023-01-17,59,良,147,41,54,27,8,0.93
shanghai,2023-01-18,72,良,171,51,77,37,9,0.93
shanghai,2023-01-19,75,良,160,50,98,48,8,0.94
shanghai,2023-01-20,88,良,250,50,123,29,7,0.84
shanghai,2023-01-21,61,良,87,18,72,15,6,0.53
shanghai,2023-01-22,22,优,3,14,15,17,6,0.57
shanghai,2023-01-23,30,优,19,17,29,13,5,0.68
shanghai,2023-01-24,45,优,145,26,44,8,6,0.71
shanghai,2023-01-25,29,优,16,12,27,11,6,0.7
shanghai,2023-01-26,55,良,79,39,48,22,7,0.82
shanghai,2023-01-27,58,良,133,33,67,14,8,0.87
shanghai,2023-01-28,56,良,138,32,62,30,9,0.9
shanghai,2023-01-29,59,良,138,38,66,38,8,0.79
shanghai,2023-01-30,65,良,141,47,70,50,9,0.85
shanghai,2023-01-31,54,良,75,38,52,38,8,0.7
shanghai,2023-02-01,67,良,134,44,68,52,8,0.77
shanghai,2023-02-02,46,优,109,12,49,18,6,0.54
shanghai,2023-02-03,51,良,100,13,53,22,6,0.63
shanghai,2023-02-04,32,优,48,16,32,30,6,0.56
shanghai,2023-02-05,48,优,91,33,46,31,6,0.65
shanghai,2023-02-06,33,优,48,22,21,35,5,0.63
shanghai,2023-02-07,33,优,61,22,29,25,6,0.6
shanghai,2023-02-08,60,良,149,41,53,27,6,0.7
shanghai,2023-02-09,34,优,98,20,31,32,5,0.68
shanghai,2023-02-10,28,优,45,18,21,27,5,0.68
shanghai,2023-02-11,24,优,24,14,18,29,5,0.62
shanghai,2023-02-12,28,优,72,17,17,34,5,0.72
shanghai,2023-02-13,45,优,194,27,36,19,5,0.78
shanghai,2023-02-14,36,优,137,20,36,19,6,0.59
shanghai,2023-02-15,41,优,99,24,41,27,6,0.63
shanghai,2023-02-16,44,优,62,25,45,37,6,0.67
shanghai,2023-02-17,44,优,44,27,45,44,7,0.61
shanghai,2023-02-18,72,良,163,52,76,67,8,0.88
shanghai,2023-02-19,115,轻度污染,323,86,90,37,7,1.05
shanghai,2023-02-20,60,良,159,39,64,34,7,0.75
shanghai,2023-02-21,34,优,33,13,34,19,6,0.55
shanghai,2023-02-22,30,优,23,11,30,24,6,0.57
shanghai,2023-02-23,24,优,9,14,23,31,6,0.6
shanghai,2023-02-24,55,良,142,39,45,31,6,0.78
shanghai,2023-02-25,56,良,171,34,50,22,6,0.73
shanghai,2023-02-26,36,优,28,20,36,26,6,0.59
shanghai,2023-02-27,37,优,28,22,35,32,6,0.56
shanghai,2023-02-28,42,优,48,24,43,42,7,0.62
shanghai,2023-03-01,90,良,236,67,73,57,8,0.88
shanghai,2023-03-01,90,良,235,67,73,57,8,0.88
shanghai,2023-03-02,69,良,165,43,64,35,8,0.69
shanghai,2023-03-03,37,优,29,14,37,39,6,0.5
shanghai,2023-03-04,49,优,55,26,51,47,6,0.53
shanghai,2023-03-05,48,优,46,28,48,39,6,0.53
shanghai,2023-03-06,62,良,112,39,73,51,8,0.62
shanghai,2023-03-07,64,良,131,36,77,47,9,0.64
shanghai,2023-03-08,64,良,140,40,76,54,8,0.73
shanghai,2023-03-09,98,良,275,72,104,53,8,0.91
shanghai,2023-03-10,104,轻度污染,280,70,103,55,8,0.78
shanghai,2023-03-11,55,良,116,29,61,32,7,0.6
shanghai,2023-03-12,62,良,166,29,69,25,6,0.67
shanghai,2023-03-13,51,良,83,14,53,25,6,0.58
shanghai,2023-03-14,50,优,66,15,53,28,7,0.61
shanghai,2023-03-15,51,良,58,27,61,33,8,0.69
shanghai,2023-03-16,66,良,178,16,82,17,6,0.54
shanghai,2023-03-17,28,优,65,9,21,22,5,0.6
shanghai,2023-03-18,38,优,98,21,37,27,5,0.7
shanghai,2023-03-19,43,优,129,20,45,28,6,0.61
shanghai,2023-03-20,47,优,136,30,44,30,6,0.65
shanghai,2023-03-21,27,优,28,17,18,50,6,0.68
shanghai,2023-03-22,48,优,121,34,39,59,6,0.8
shanghai,2023-03-23,98,良,196,33,121,33,6,0.9
shanghai,2023-03-24,83,良,221,26,116,22,6,0.6
shanghai,2023-03-25,49,优,153,17,50,29,6,0.68
shanghai,2023-03-26,61,良,197,26,74,23,7,0.65
shanghai,2023-03-27,78,良,226,37,107,43,8,0.71
shanghai,2023-03-28,66,良,173,38,83,40,8,0.63
shanghai,2023-03-29,58,良,161,29,65,40,7,0.64
shanghai,2023-03-30,70,良,227,51,68,35,6,0.74
shanghai,2023-03-31,45,优,95,27,46,33,7,0.62
shanghai,2023-04-01,54,良,138,33,56,50,8,0.63
shanghai,2023-04-02,53,良,130,31,55,46,7,0.61
shanghai,2023-04-03,49,优,220,24,51,21,6,0.53
shanghai,2023-04-04,29,优,92,14,25,18,6,0.56
shanghai,2023-04-05,48,优,234,33,33,22,5,0.83
shanghai,2023-04-06,65,良,233,47,49,33,6,0.9
shanghai,2023-04-07,84,良,275,62,75,33,6,0.9
shanghai,2023-04-08,56,良,138,29,62,33,7,0.63
shanghai,2023-04-09,47,优,40,22,48,32,7,0.51
shanghai,2023-04-10,48,优,64,21,49,28,8,0.57
shanghai,2023-04-11,123,轻度污染,185,38,167,32,7,0.71
shanghai,2023-04-12,218,重度污染,241,56,339,22,6,0.52
shanghai,2023-04-13,138,轻度污染,258,45,227,30,6,0.54
shanghai,2023-04-14,76,良,192,46,100,44,7,0.86
shanghai,2023-04-15,57,良,104,34,67,29,6,0.73
shanghai,2023-04-16,66,良,140,33,85,23,7,0.7
shanghai,2023-04-17,62,良,113,29,73,21,6,0.68
shanghai,2023-04-18,66,良,194,32,82,37,8,0.81
shanghai,2023-04-19,34,优,65,19,32,23,6,0.63
shanghai,2023-04-20,37,优,50,17,36,22,6,0.58
shanghai,2023-04-21,53,良,178,20,62,16,6,0.55
shanghai,2023-04-22,85,良,326,25,120,18,6,0.53
shanghai,2023-04-23,83,良,329,26,116,16,6,0.55
shanghai,2023-04-24,39,优,193,14,38,15,6,0.59
shanghai,2023-04-25,44,优,177,23,46,31,7,0.77
shanghai,2023-04-26,70,良,309,50,70,29,8,0.87
shanghai,2023-04-27,68,良,279,46,64,23,7,0.65
shanghai,2023-04-28,56,良,197,37,57,30,7,0.73
shanghai,2023-04-29,80,良,251,48,88,36,7,0.8
shanghai,2023-04-30,79,良,255,33,108,35,8,0.64
shanghai,2023-05-01,70,良,217,32,82,32,9,0.58
shanghai,2023-05-02,52,良,132,17,56,15,7,0.49
shanghai,2023-05-03,40,优,129,18,40,16,7,0.54
shanghai,2023-05-04,27,优,82,17,27,20,7,0.59
shanghai,2023-05-05,31,优,139,20,27,26,6,0.75
shanghai,2023-05-06,43,优,240,28,36,23,6,0.78
shanghai,2023-05-07,26,优,71,13,19,17,6,0.53
shanghai,2023-05-08,35,优,128,21,33,17,6,0.48
shanghai,2023-05-09,43,优,157,23,40,34,7,0.46
shanghai,2023-05-10,39,优,112,19,36,30,7,0.44
shanghai,2023-05-11,48,优,192,26,51,51,8,0.56
shanghai,2023-05-12,95,良,333,70,95,53,9,0.7
shanghai,2023-05-13,109,轻度污染,335,69,83,41,8,0.75
shanghai,2023-05-14,96,良,332,59,86,38,9,0.79
shanghai,2023-05-15,82,良,301,46,79,39,9,0.68
shanghai,2023-05-16,49,优,127,20,49,23,8,0.55
shanghai,2023-05-17,29,优,64,11,20,14,6,0.52
shanghai,2023-05-18,39,优,122,23,26,23,6,0.65
shanghai,2023-05-19,27,优,5,11,16,22,6,0.56
shanghai,2023-05-20,34,优,42,21,29,21,6,0.48
shanghai,2023-05-21,39,优,88,27,38,21,6,0.53
shanghai,2023-05-22,72,良,288,34,97,22,6,0.54
shanghai,2023-05-23,78,良,306,37,105,35,8,0.65
shanghai,2023-05-24,61,良,274,29,73,40,8,0.61
shanghai,2023-05-25,56,良,249,31,59,22,7,0.53
shanghai,2023-05-26,53,良,223,24,55,26,7,0.56
shanghai,2023-05-27,35,优,161,17,35,16,6,0.5
shanghai,2023-05-28,36,优,183,16,35,17,7,0.5
shanghai,2023-05-29,47,优,255,19,37,24,8,0.56
shanghai,2023-05-30,40,优,164,27,35,28,7,0.55
shanghai,2023-05-31,28,优,33,18,26,26,6,0.52
shanghai,2023-06-01,29,优,0,20,28,27,7,0.6
shanghai,2023-06-02,62,良,0,31,52,27,8,0.74
shanghai,2023-06-03,49,优,0,29,46,19,7,0.52
shanghai,2023-06-04,38,优,0,19,36,22,7,0.47
shanghai,2023-06-05,43,优,0,25,41,25,6,0.65
shanghai,2023-06-06,43,优,0,28,31,25,6,0.72
shanghai,2023-06-07,47,优,0,33,37,27,7,0.65
shanghai,2023-06-08,58,良,0,34,36,29,7,0.7
shanghai,2023-06-09,70,良,0,36,42,28,8,0.75
shanghai,2023-06-10,51,良,0,23,36,21,8,0.59
shanghai,2023-06-11,40,优,0,25,32,24,7,0.56
shanghai,2023-06-12,22,优,0,9,15,18,6,0.42
shanghai,2023-06-13,18,优,0,10,17,18,6,0.46
shanghai,2023-06-14,42,优,0,25,36,24,6,0.57
shanghai,2023-06-15,65,良,0,41,52,34,8,0.79
shanghai,2023-06-16,60,良,0,39,45,25,7,0.63
shanghai,2023-06-17,33,优,0,11,13,16,6,0.51
shanghai,2023-06-18,22,优,0,13,15,31,6,0.6
shanghai,2023-06-19,21,优,0,13,15,29,6,0.63
shanghai,2023-06-20,41,优,0,27,33,25,6,0.8
shanghai,2023-06-21,85,良,0,48,55,31,7,0.83
shanghai,2023-06-22,81,良,0,56,63,30,7,0.78
shanghai,2023-06-23,70,良,0,44,51,22,7,0.68
shanghai,2023-06-24,30,优,0,7,8,14,5,0.54
shanghai,2023-06-25,23,优,0,14,18,21,5,0.61
shanghai,2023-06-26,32,优,0,19,32,25,6,0.59
shanghai,2023-06-27,33,优,0,18,32,25,6,0.56
shanghai,2023-06-28,41,优,0,21,34,19,6,0.54
shanghai,2023-06-29,43,优,0,22,40,22,6,0.57
shanghai,2023-06-30,33,优,0,18,30,23,6,0.63
shanghai,2023-07-01,37,优,0,20,29,17,5,0.65
shanghai,2023-07-02,51,良,0,33,39,23,6,0.64
shanghai,2023-07-03,43,优,0,28,41,29,6,0.66
shanghai,2023-07-04,41,优,0,25,35,23,6,0.62
shanghai,2023-07-05,36,优,0,20,31,21,6,0.74
shanghai,2023-07-06,56,良,0,38,45,26,6,0.72
shanghai,2023-07-07,37,优,0,23,36,27,6,0.66
shanghai,2023-07-08,35,优,0,24,33,32,6,0.7
shanghai,2023-07-09,49,优,0,34,45,30,6,0.68
shanghai,2023-07-10,34,优,0,20,31,34,6,0.64
shanghai,2023-07-11,56,良,0,27,41,21,6,0.65
shanghai,2023-07-12,61,良,0,29,46,20,6,0.65
shanghai,2023-07-13,50,优,0,26,44,21,6,0.57
shanghai,2023-07-14,55,良,0,25,42,19,6,0.58
shanghai,2023-07-15,44,优,0,20,34,20,6,0.58
shanghai,2023-07-16,20,优,0,11,19,20,6,0.58
shanghai,2023-07-17,17,优,0,6,17,10,5,0.41
shanghai,2023-07-18,18,优,0,8,16,15,6,0.52
shanghai,2023-07-19,18,优,0,7,18,19,6,0.45
shanghai,2023-07-20,23,优,0,12,20,25,5,0.53
shanghai,2023-07-21,28,优,0,16,23,23,5,0.58
shanghai,2023-07-22,25,优,0,15,22,20,5,0.55
shanghai,2023-07-23,26,优,0,14,24,16,6,0.53
shanghai,2023-07-24,34,优,0,20,33,21,6,0.6
shanghai,2023-07-25,20,优,0,7,17,13,6,0.46
shanghai,2023-07-26,22,优,0,6,22,10,6,0.43
shanghai,2023-07-27,17,优,0,5,17,11,5,0.4
shanghai,2023-07-28,20,优,0,5,20,9,5,0.4
shanghai,2023-07-29,19,优,0,6,19,8,5,0.42
shanghai,2023-07-30,18,优,0,6,18,11,5,0.4
shanghai,2023-07-31,23,优,0,12,23,12,6,0.4
shanghai,2023-08-01,19,优,0,9,19,11,6,0.44
shanghai,2023-08-02,24,优,0,11,24,10,6,0.46
shanghai,2023-08-03,31,优,0,11,31,9,6,0.41
shanghai,2023-08-04,27,优,0,11,27,10,6,0.44
shanghai,2023-08-05,27,优,0,13,27,12,6,0.5
shanghai,2023-08-06,32,优,0,17,31,19,7,0.58
shanghai,2023-08-07,28,优,0,14,27,17,6,0.55
shanghai,2023-08-08,32,优,0,16,31,14,6,0.68
shanghai,2023-08-09,33,优,0,17,33,15,6,0.65
shanghai,2023-08-10,50,优,0,24,42,16,6,0.69
shanghai,2023-08-11,77,良,0,36,62,20,7,0.77
shanghai,2023-08-12,61,良,0,30,43,16,6,0.65
shanghai,2023-08-13,31,优,0,14,27,13,6,0.5
shanghai,2023-08-14,27,优,0,11,24,13,6,0.51
shanghai,2023-08-15,27,优,0,14,26,15,6,0.53
shanghai,2023-08-16,38,优,0,18,38,22,6,0.57
shanghai,2023-08-17,37,优,0,21,32,26,6,0.7
shanghai,2023-08-18,33,优,0,18,29,29,6,0.68
shanghai,2023-08-19,34,优,0,19,30,15,6,0.6
shanghai,2023-08-20,26,优,0,14,25,13,6,0.56
shanghai,2023-08-21,36,优,0,15,28,15,6,0.57
shanghai,2023-08-22,48,优,0,24,38,21,6,0.73
shanghai,2023-08-23,40,优,0,24,28,23,7,0.81
shanghai,2023-08-24,42,优,0,19,35,25,7,0.7
shanghai,2023-08-25,38,优,0,17,32,18,7,0.62
shanghai,2023-08-26,34,优,0,14,31,18,6,0.58
shanghai,2023-08-27,21,优,0,9,19,13,6,0.52
shanghai,2023-08-28,19,优,0,8,17,17,6,0.6
shanghai,2023-08-29,22,优,0,11,16,26,6,0.79
shanghai,2023-08-30,24,优,0,8,10,22,6,0.61
shanghai,2023-08-31,37,优,0,21,22,28,6,0.7
shanghai,2023-09-01,27,优,0,10,18,19,7,0.55
shanghai,2023-09-02,38,优,0,16,35,13,6,0.59
shanghai,2023-09-03,30,优,0,17,30,18,6,0.6
shanghai,2023-09-04,21,优,0,11,21,20,7,0.55
shanghai,2023-09-05,26,优,0,14,26,18,7,0.5
shanghai,2023-09-06,25,优,0,14,25,15,7,0.51
shanghai,2023-09-07,38,优,0,22,37,17,6,0.63
shanghai,2023-09-08,34,优,0,17,27,19,6,0.6
shanghai,2023-09-09,33,优,0,14,28,23,7,0.6
shanghai,2023-09-10,37,优,0,13,30,20,7,0.58
shanghai,2023-09-11,36,优,0,14,34,21,7,0.61
shanghai,2023-09-12,26,优,0,12,26,20,6,0.56
shanghai,2023-09-13,26,优,0,12,24,21,6,0.57
shanghai,2023-09-14,21,优,0,11,20,27,6,0.6
shanghai,2023-09-15,25,优,0,15,22,40,6,0.66
shanghai,2023-09-16,32,优,0,21,26,40,6,0.85
shanghai,2023-09-17,59,良,0,36,47,34,7,1.03
shanghai,2023-09-18,57,良,0,33,35,19,7,0.79
shanghai,2023-09-19,30,优,0,16,22,18,7,0.59
shanghai,2023-09-20,25,优,0,10,22,19,6,0.6
shanghai,2023-09-21,25,优,0,10,23,25,6,0.58
shanghai,2023-09-22,20,优,0,9,18,29,6,0.58
shanghai,2023-09-23,22,优,0,8,13,30,6,0.58
shanghai,2023-09-24,24,优,0,10,19,29,6,0.6
shanghai,2023-09-25,45,优,0,23,47,43,7,0.8
shanghai,2023-09-26,54,良,0,38,48,33,7,0.91
shanghai,2023-09-27,53,良,0,37,43,27,6,0.82
shanghai,2023-09-28,51,良,0,35,41,26,7,0.83
shanghai,2023-09-29,51,良,0,36,41,20,6,0.8
shanghai,2023-09-30,49,优,0,32,29,20,6,0.98
shanghai,2023-10-01,29,优,0,13,23,18,6,0.6
shanghai,2023-10-02,27,优,0,7,24,18,6,0.49
shanghai,2023-10-03,27,优,0,8,24,20,6,0.52
shanghai,2023-10-04,28,优,0,9,22,17,6,0.54
shanghai,2023-10-05,39,优,0,12,39,17,6,0.54
shanghai,2023-10-06,28,优,0,7,28,15,6,0.5
shanghai,2023-10-07,26,优,0,8,25,17,5,0.52
shanghai,2023-10-08,25,优,0,9,18,20,6,0.6
shanghai,2023-10-09,37,优,0,21,38,32,6,0.7
shanghai,2023-10-10,51,良,245,33,49,30,6,0.73
shanghai,2023-10-11,35,优,118,18,30,28,6,0.63
shanghai,2023-10-12,33,优,113,17,30,33,6,0.62
shanghai,2023-10-13,29,优,70,15,21,29,5,0.64
shanghai,2023-10-14,69,良,280,49,56,50,7,0.93
shanghai,2023-10-15,80,良,310,59,75,53,7,0.91
shanghai,2023-10-16,87,良,314,64,86,57,8,1.1
shanghai,2023-10-17,66,良,237,47,60,47,7,0.8
shanghai,2023-10-18,54,良,198,32,47,31,7,0.68
shanghai,2023-10-19,71,良,294,46,71,46,8,0.83
shanghai,2023-10-20,31,优,173,18,23,29,6,0.65
shanghai,2023-11-01,39,优,84,18,38,29,7,0.6
shanghai,2023-11-02,34,优,53,12,30,22,6,0.6
shanghai,2023-11-03,48,优,141,24,50,34,7,0.65
shanghai,2023-11-04,30,优,46,17,28,27,6,0.58
shanghai,2023-11-05,23,优,15,9,21,15,6,0.56
shanghai,2023-11-06,34,优,120,19,34,22,7,0.71
shanghai,2023-11-07,53,良,239,23,56,38,8,0.68
shanghai,2023-11-08,48,优,141,23,50,38,7,0.61
shanghai,2023-11-09,57,良,197,35,59,50,8,0.79
shanghai,2023-11-10,29,优,104,18,22,17,6,0.6
shanghai,2023-11-11,28,优,109,9,28,17,6,0.5
shanghai,2023-11-12,38,优,182,24,35,23,6,0.65
shanghai,2023-11-13,32,优,115,20,31,30,7,0.65
shanghai,2023-11-14,51,良,147,31,55,52,8,0.8
shanghai,2023-11-15,98,良,257,73,103,73,10,1.12
shanghai,2023-11-16,94,良,271,68,87,52,7,0.93
shanghai,2023-11-17,90,良,315,29,129,37,8,0.65
shanghai,2023-11-18,52,良,125,23,57,46,9,0.78
shanghai,2023-11-19,64,良,198,40,79,68,8,0.84
shanghai,2023-11-20,88,良,262,65,112,80,10,1.08
shanghai,2023-11-21,66,良,164,46,72,60,8,0.78
shanghai,2023-11-22,56,良,125,38,59,59,7,0.74
shanghai,2023-11-23,118,轻度污染,318,88,132,69,11,1.13
shanghai,2023-11-24,33,优,81,13,33,26,7,0.64
shanghai,2023-11-25,28,优,32,10,28,34,6,0.55
shanghai,2023-11-26,40,优,57,18,44,42,6,0.58
shanghai,2023-11-27,82,良,231,58,95,54,8,0.91
shanghai,2023-11-28,90,良,293,66,118,53,9,0.95
shanghai,2023-11-29,71,良,231,48,89,41,8,0.8
shanghai,2023-11-30,37,优,93,18,37,26,7,0.64
shanghai,2023-12-01,49,优,175,27,51,37,10,0.72
shanghai,2023-12-02,55,良,160,33,60,60,9,0.83
shanghai,2023-12-03,75,良,225,55,91,72,10,1.06
shanghai,2023-12-04,91,良,240,67,98,76,8,0.99
shanghai,2023-12-05,104,轻度污染,236,78,105,75,8,1.06
shanghai,2023-12-06,98,良,231,69,126,67,9,1.0
shanghai,2023-12-07,104,轻度污染,276,60,158,66,9,0.96
shanghai,2023-12-08,70,良,200,37,89,57,8,0.78
shanghai,2023-12-09,70,良,203,43,91,77,9,0.85
shanghai,2023-12-10,55,良,183,34,61,60,7,0.73
shanghai,2023-12-11,27,优,89,19,22,30,5,0.72
shanghai,2023-12-12,51,良,190,36,46,32,5,0.81
shanghai,2023-12-13,54,良,164,37,57,45,6,0.77
shanghai,2023-12-14,50,优,176,34,50,49,7,0.81
shanghai,2023-12-15,45,优,199,31,39,44,6,1.18
shanghai,2023-12-16,48,优,248,33,42,22,6,0.86
shanghai,2023-12-17,31,优,106,19,30,23,8,0.75
shanghai,2023-12-18,23,优,33,12,21,31,6,0.64
shanghai,2023-12-19,27,优,62,17,23,35,6,0.73
shanghai,2023-12-20,61,良,214,41,64,31,7,0.82
shanghai,2023-12-21,41,优,118,23,41,26,9,0.77
shanghai,2023-12-22,44,优,84,25,44,36,9,0.84
shanghai,2023-12-23,57,良,131,37,64,62,9,0.87
shanghai,2023-12-24,80,良,207,59,103,66,11,1.05
shanghai,2023-12-25,104,轻度污染,263,78,128,74,12,1.21
shanghai,2023-12-26,109,轻度污染,240,82,125,74,10,0.96
shanghai,2023-12-27,73,良,126,53,70,64,7,0.73
shanghai,2023-12-28,85,良,127,62,84,79,8,0.9
shanghai,2023-12-29,69,良,81,49,62,48,6,0.66
shanghai,2023-12-30,112,轻度污染,175,83,97,60,6,0.88
shanghai,2023-12-31,200,中度污染,314,154,181,44,7,1.35
guangzhou,2022-01-01,64,良,138,44,77,49,9,1.04
guangzhou,2022-01-02,61,良,139,43,68,39,9,1.02
guangzhou,2022-01-03,71,良,139,51,91,63,8,1.09
guangzhou,2022-01-04,83,良,165,59,109,74,8,1.12
guangzhou,2022-01-05,70,良,157,46,90,72,7,0.98
guangzhou,2022-01-06,61,良,153,42,72,52,7,0.95
guangzhou,2022-01-07,48,优,104,31,49,33,7,0.96
guangzhou,2022-01-08,48,优,91,32,52,39,6,0.88
guangzhou,2022-01-09,54,良,110,35,59,44,7,0.94
guangzhou,2022-01-10,37,优,71,23,37,37,6,0.95
guangzhou,2022-01-11,22,优,10,13,21,20,5,0.85
guangzhou,2022-01-12,47,优,73,31,47,37,6,0.83
guangzhou,2022-01-13,54,良,124,37,56,35,8,0.87
guangzhou,2022-01-14,68,良,144,49,74,50,8,0.88
guangzhou,2022-01-15,92,良,189,69,116,67,8,1.09
guangzhou,2022-01-16,79,良,192,57,101,54,7,1.11
guangzhou,2022-01-17,47,优,117,29,50,35,6,1.07
guangzhou,2022-01-18,25,优,34,14,25,28,5,1.08
guangzhou,2022-01-19,27,优,27,15,25,28,6,0.92
guangzhou,2022-01-20,37,优,68,22,39,43,6,0.85
guangzhou,2022-01-21,61,良,155,40,71,58,7,0.97
guangzhou,2022-01-22,58,良,178,38,67,58,6,0.86
guangzhou,2022-01-23,28,优,89,16,28,38,6,0.71
guangzhou,2022-01-24,28,优,63,18,28,33,5,0.91
guangzhou,2022-01-25,16,优,11,10,16,25,5,0.99
guangzhou,2022-01-26,31,优,82,19,31,33,6,1.0
guangzhou,2022-01-27,42,优,146,27,41,35,6,1.0
guangzhou,2022-01-28,30,优,115,20,30,25,6,1.13
guangzhou,2022-01-29,18,优,35,11,18,15,6,1.18
guangzhou,2022-01-30,13,优,5,5,9,10,5,1.02
guangzhou,2022-01-31,21,优,14,14,18,9,5,0.82
guangzhou,2022-02-01,15,优,6,10,12,8,6,0.8
guangzhou,2022-02-02,12,优,7,7,9,8,5,0.76
guangzhou,2022-02-03,12,优,19,4,5,8,5,0.81
guangzhou,2022-02-04,19,优,33,13,17,7,6,0.76
guangzhou,2022-02-05,21,优,10,14,19,7,5,0.7
guangzhou,2022-02-06,26,优,38,18,25,13,6,0.75
guangzhou,2022-02-07,27,优,94,18,24,20,6,0.83
guangzhou,2022-02-08,10,优,3,4,7,11,6,0.78
guangzhou,2022-02-09,12,优,9,6,11,14,5,0.74
guangzhou,2022-02-10,17,优,19,10,17,20,5,0.79
guangzhou,2022-02-11,35,优,85,21,35,30,6,0.9
guangzhou,2022-02-12,24,优,37,13,24,26,6,0.93
guangzhou,2022-02-13,18,优,20,11,17,20,5,0.95
guangzhou,2022-02-14,18,优,16,8,13,21,5,0.94
guangzhou,2022-02-15,30,优,43,19,29,25,6,0.93
guangzhou,2022-02-16,46,优,121,30,47,32,7,0.86
guangzhou,2022-02-17,39,优,165,26,37,31,6,0.77
guangzhou,2022-02-18,24,优,69,15,22,30,5,0.83
guangzhou,2022-02-19,11,优,16,1,2,15,5,0.73
guangzhou,2022-02-20,15,优,23,4,5,13,5,0.64
guangzhou,2022-02-21,14,优,11,4,5,16,5,0.7
guangzhou,2022-02-22,13,优,9,5,7,18,5,0.66
guangzhou,2022-02-23,14,优,4,6,9,14,5,0.61
guangzhou,2022-02-24,23,优,19,14,22,21,6,0.64
guangzhou,2022-02-25,37,优,48,24,40,37,6,0.73
guangzhou,2022-02-26,65,良,183,45,80,62,7,1.03
guangzhou,2022-02-27,83,良,271,56,94,59,8,1.04
guangzhou,2022-02-28,44,优,60,22,44,39,6,0.71
guangzhou,2022-03-01,55,良,135,31,61,56,7,0.8
guangzhou,2022-03-02,64,良,160,45,75,39,8,0.91
guangzhou,2022-03-03,54,良,91,34,58,38,6,0.81
guangzhou,2022-03-04,59,良,105,33,60,49,7,0.87
guangzhou,2022-03-05,73,良,202,45,83,59,8,0.99
guangzhou,2022-03-06,45,优,98,22,47,28,7,0.73
guangzhou,2022-03-07,34,优,59,13,30,25,6,0.72
guangzhou,2022-03-08,40,优,54,17,40,30,6,0.58
guangzhou,2022-03-09,49,优,72,20,48,46,7,0.62
guangzhou,2022-03-10,53,良,79,23,57,53,7,0.64
guangzhou,2022-03-11,56,良,116,25,62,51,7,0.67
guangzhou,2022-03-12,47,优,79,20,48,39,7,0.63
guangzhou,2022-03-13,48,优,92,21,50,37,7,0.64
guangzhou,2022-03-14,52,良,102,26,56,38,6,0.69
guangzhou,2022-03-15,71,良,187,40,78,54,8,0.85
guangzhou,2022-03-16,36,优,68,17,36,33,7,0.62
guangzhou,2022-03-17,40,优,188,21,41,33,6,0.68
guangzhou,2022-03-18,46,优,178,29,48,34,6,0.83
guangzhou,2022-03-19,50,优,167,31,52,31,7,0.81
guangzhou,2022-03-20,34,优,83,18,33,23,6,0.77
guangzhou,2022-03-21,38,优,165,21,38,27,6,0.78
guangzhou,2022-03-22,36,优,163,22,36,30,5,0.75
guangzhou,2022-03-23,10,优,4,4,7,20,5,0.88
guangzhou,2022-03-24,16,优,16,9,12,30,6,0.86
guangzhou,2022-03-25,27,优,76,18,24,39,6,0.89
guangzhou,2022-03-26,31,优,59,21,31,23,6,0.78
guangzhou,2022-03-27,19,优,9,11,19,16,6,0.89
guangzhou,2022-03-28,16,优,7,10,15,22,6,0.8
guangzhou,2022-03-29,29,优,25,16,29,30,6,0.86
guangzhou,2022-03-30,50,优,176,27,52,42,7,0.98
guangzhou,2022-03-31,58,良,276,30,65,48,7,0.99
guangzhou,2022-04-01,20,优,12,6,15,15,6,0.73
guangzhou,2022-04-02,24,优,34,8,15,16,6,0.58
guangzhou,2022-04-03,37,优,72,19,35,24,7,0.6
guangzhou,2022-04-04,58,良,187,29,66,46,8,0.71
guangzhou,2022-04-05,76,良,287,38,80,47,8,0.75
guangzhou,2022-04-06,76,良,281,43,83,47,10,0.8
guangzhou,2022-04-07,57,良,162,32,62,39,9,0.7
guangzhou,2022-04-08,69,良,182,33,67,46,8,0.68
guangzhou,2022-04-09,68,良,215,27,63,38,8,0.62
guangzhou,2022-04-10,66,良,190,26,59,41,8,0.61
guangzhou,2022-04-11,49,优,62,23,50,34,7,0.63
guangzhou,2022-04-12,38,优,80,16,37,28,6,0.59
guangzhou,2022-04-13,36,优,114,16,36,22,6,0.62
guangzhou,2022-04-14,30,优,63,11,24,18,7,0.73
guangzhou,2022-04-15,41,优,171,19,36,22,7,0.68
guangzhou,2022-04-16,42,优,157,19,42,24,6,0.7
guangzhou,2022-04-17,28,优,56,14,28,22,6,0.77
guangzhou,2022-04-18,17,优,15,9,16,24,6,0.84
guangzhou,2022-04-19,14,优,6,8,12,23,6,0.79
guangzhou,2022-04-20,37,优,51,25,38,41,6,0.88
guangzhou,2022-04-21,77,良,278,41,74,48,7,1.02
guangzhou,2022-04-22,38,优,92,20,38,30,6,0.75
guangzhou,2022-04-23,33,优,62,15,33,25,6,0.68
guangzhou,2022-04-24,23,优,12,12,23,25,6,0.69
guangzhou,2022-04-25,25,优,37,13,25,18,6,0.58
guangzhou,2022-04-26,34,优,110,18,34,22,6,0.6
guangzhou,2022-04-27,34,优,84,18,34,23,6,0.58
guangzhou,2022-04-28,27,优,37,15,27,21,5,0.57
guangzhou,2022-04-29,39,优,144,21,39,28,6,0.65
guangzhou,2022-04-30,46,优,213,26,47,29,7,0.88
guangzhou,2022-05-01,18,优,23,4,7,10,5,0.73
guangzhou,2022-05-02,26,优,44,9,16,13,5,0.64
guangzhou,2022-05-03,42,优,115,26,42,26,6,0.72
guangzhou,2022-05-04,58,良,213,34,60,42,7,0.81
guangzhou,2022-05-05,73,良,280,34,65,42,7,0.77
guangzhou,2022-05-06,66,良,242,29,56,34,6,0.71
guangzhou,2022-05-07,50,优,174,30,50,35,6,0.77
guangzhou,2022-05-08,36,优,102,25,35,30,6,0.78
guangzhou,2022-05-09,47,优,242,29,49,32,7,0.76
guangzhou,2022-05-10,29,优,75,14,29,30,6,0.65
guangzhou,2022-05-11,15,优,8,7,14,24,6,0.62
guangzhou,2022-05-12,15,优,16,8,13,29,5,0.78
guangzhou,2022-05-13,16,优,22,9,14,28,5,0.99
guangzhou,2022-05-14,19,优,22,11,19,21,6,0.85
guangzhou,2022-05-15,15,优,5,3,7,16,5,0.76
guangzhou,2022-05-16,23,优,40,5,9,16,6,0.7
guangzhou,2022-05-17,32,优,62,14,27,26,6,0.6
guangzhou,2022-05-18,58,良,234,23,47,38,7,0.67
guangzhou,2022-05-19,69,良,292,28,57,47,7,0.7
guangzhou,2022-05-20,65,良,283,27,55,35,7,0.69
guangzhou,2022-05-21,56,良,218,37,60,34,6,0.83
guangzhou,2022-05-22,37,优,116,23,36,26,6,0.77
guangzhou,2022-05-23,37,优,125,22,37,29,6,0.73
guangzhou,2022-05-24,36,优,135,20,36,31,6,0.73
guangzhou,2022-05-25,27,优,82,12,25,33,6,0.67
guangzhou,2022-05-26,26,优,99,12,25,25,6,0.6
guangzhou,2022-05-27,26,优,76,12,26,29,5,0.62
guangzhou,2022-05-28,27,优,55,13,26,22,5,0.59
guangzhou,2022-05-29,25,优,56,10,24,17,5,0.53
guangzhou,2022-05-30,25,优,52,10,24,21,5,0.54
guangzhou,2022-05-31,26,优,71,12,26,23,5,0.58
guangzhou,2022-06-01,27,优,79,12,27,26,5,0.61
guangzhou,2022-06-02,28,优,96,13,28,24,5,0.62
guangzhou,2022-06-03,25,优,93,12,25,18,5,0.6
guangzhou,2022-06-04,29,优,145,13,29,14,5,0.6
guangzhou,2022-06-05,29,优,138,12,28,15,5,0.56
guangzhou,2022-06-06,26,优,84,12,26,20,5,0.59
guangzhou,2022-06-07,23,优,48,12,21,30,5,0.65
guangzhou,2022-06-08,19,优,22,9,16,29,6,0.62
guangzhou,2022-06-09,16,优,12,9,16,26,5,0.65
guangzhou,2022-06-10,19,优,30,10,18,25,5,0.65
guangzhou,2022-06-11,20,优,41,11,19,30,5,0.68
guangzhou,2022-06-12,22,优,51,12,22,27,5,0.64
guangzhou,2022-06-13,27,优,105,14,27,25,5,0.66
guangzhou,2022-06-14,19,优,17,11,19,28,5,0.7
guangzhou,2022-06-15,23,优,39,13,21,31,5,0.68
guangzhou,2022-06-16,22,优,45,12,19,30,5,0.62
guangzhou,2022-06-17,22,优,51,9,22,21,5,0.57
guangzhou,2022-06-18,22,优,69,9,22,18,5,0.53
guangzhou,2022-06-19,27,优,116,11,27,18,5,0.56
guangzhou,2022-06-20,28,优,128,12,28,18,5,0.56
guangzhou,2022-06-21,31,优,156,12,31,23,5,0.56
guangzhou,2022-06-22,26,优,105,9,25,18,5,0.51
guangzhou,2022-06-23,27,优,136,10,23,19,6,0.53
guangzhou,2022-06-24,30,优,156,12,26,20,6,0.53
guangzhou,2022-06-25,28,优,108,11,26,19,6,0.53
guangzhou,2022-06-26,23,优,77,8,20,18,6,0.54
guangzhou,2022-06-27,23,优,75,8,21,20,6,0.55
guangzhou,2022-06-28,29,优,159,11,25,20,6,0.54
guangzhou,2022-06-29,31,优,127,13,29,26,6,0.56
guangzhou,2022-06-30,19,优,35,8,19,18,6,0.57
guangzhou,2022-07-01,17,优,17,7,17,13,5,0.53
guangzhou,2022-07-02,13,优,4,4,9,11,5,0.5
guangzhou,2022-07-03,21,优,70,10,21,9,5,0.55
guangzhou,2022-07-04,22,优,68,11,22,17,5,0.6
guangzhou,2022-07-05,28,优,140,14,28,21,5,0.63
guangzhou,2022-07-06,24,优,118,12,24,26,5,0.61
guangzhou,2022-07-07,20,优,49,10,20,27,5,0.63
guangzhou,2022-07-08,29,优,129,13,25,25,5,0.62
guangzhou,2022-07-09,31,优,137,12,27,24,5,0.58
guangzhou,2022-07-10,26,优,80,9,22,18,5,0.53
guangzhou,2022-07-11,26,优,68,12,24,19,5,0.53
guangzhou,2022-07-12,34,优,188,13,27,22,6,0.54
guangzhou,2022-07-13,39,优,226,13,27,23,6,0.54
guangzhou,2022-07-14,40,优,207,14,30,24,6,0.58
guangzhou,2022-07-15,27,优,86,10,24,21,5,0.57
guangzhou,2022-07-16,30,优,134,13,28,19,5,0.57
guangzhou,2022-07-17,31,优,165,13,30,16,5,0.58
guangzhou,2022-07-18,31,优,159,14,31,17,5,0.6
guangzhou,2022-07-19,28,优,134,12,27,17,5,0.6
guangzhou,2022-07-20,20,优,42,8,19,17,5,0.52
guangzhou,2022-07-21,25,优,91,9,22,17,6,0.54
guangzhou,2022-07-22,45,优,265,15,33,22,6,0.59
guangzhou,2022-07-23,52,良,316,24,44,25,7,0.65
guangzhou,2022-07-24,60,良,311,27,48,22,6,0.71
guangzhou,2022-07-25,73,良,326,35,59,23,6,0.75
guangzhou,2022-07-26,63,良,317,28,48,20,5,0.7
guangzhou,2022-07-27,57,良,316,24,41,21,6,0.66
guangzhou,2022-07-28,61,良,320,31,50,23,6,0.71
guangzhou,2022-07-29,70,良,332,37,58,25,6,0.75
guangzhou,2022-07-30,53,良,299,29,50,29,6,0.75
guangzhou,2022-07-31,69,良,328,32,51,30,6,0.75
guangzhou,2022-08-01,48,优,239,20,35,20,6,0.68
guangzhou,2022-08-02,35,优,109,12,27,20,6,0.6
guangzhou,2022-08-03,30,优,88,16,27,24,5,0.69
guangzhou,2022-08-04,19,优,31,11,18,22,5,0.66
guangzhou,2022-08-05,19,优,35,5,11,20,5,0.57
guangzhou,2022-08-06,21,优,56,9,19,23,6,0.58
guangzhou,2022-08-07,27,优,105,10,23,20,6,0.58
guangzhou,2022-08-08,23,优,97,9,23,19,6,0.6
guangzhou,2022-08-09,16,优,19,6,15,17,5,0.57
guangzhou,2022-08-10,12,优,9,5,11,13,5,0.56
guangzhou,2022-08-11,15,优,18,7,14,20,5,0.62
guangzhou,2022-08-12,19,优,46,9,19,26,6,0.64
guangzhou,2022-08-13,33,优,177,16,30,30,6,0.68
guangzhou,2022-08-14,39,优,225,18,33,24,5,0.73
guangzhou,2022-08-15,33,优,167,12,26,19,6,0.66
guangzhou,2022-08-16,29,优,125,12,26,24,5,0.62
guangzhou,2022-08-17,24,优,57,9,22,24,5,0.59
guangzhou,2022-08-18,24,优,56,10,21,23,6,0.6
guangzhou,2022-08-19,22,优,64,10,21,26,5,0.6
guangzhou,2022-08-20,17,优,35,5,15,18,5,0.54
guangzhou,2022-08-21,21,优,65,9,20,20,4,0.58
guangzhou,2022-08-22,34,优,206,16,31,22,4,0.62
guangzhou,2022-08-23,43,优,285,23,41,28,6,0.68
guangzhou,2022-08-24,43,优,268,24,43,29,5,0.69
guangzhou,2022-08-25,15,优,12,5,12,12,4,0.54
guangzhou,2022-08-26,21,优,64,10,21,21,4,0.58
guangzhou,2022-08-27,39,优,279,19,35,24,4,0.62
guangzhou,2022-08-28,57,良,332,26,46,28,5,0.69
guangzhou,2022-08-29,46,优,300,24,43,24,5,0.65
guangzhou,2022-08-30,41,优,259,24,40,30,5,0.73
guangzhou,2022-08-31,35,优,189,20,34,27,4,0.68
guangzhou,2022-09-01,34,优,184,21,34,20,5,0.82
guangzhou,2022-09-02,31,优,109,17,29,16,5,0.72
guangzhou,2022-09-03,40,优,208,22,37,20,6,0.69
guangzhou,2022-09-04,42,优,212,21,38,20,6,0.68
guangzhou,2022-09-05,61,良,291,31,55,26,7,0.74
guangzhou,2022-09-06,60,良,245,33,57,33,7,0.75
guangzhou,2022-09-07,43,优,113,25,42,20,6,0.73
guangzhou,2022-09-08,37,优,86,20,34,23,5,0.7
guangzhou,2022-09-09,41,优,110,16,27,28,5,0.69
guangzhou,2022-09-10,67,良,282,34,56,31,6,0.83
guangzhou,2022-09-11,56,良,234,37,55,21,6,0.83
guangzhou,2022-09-12,59,良,227,36,59,35,7,0.82
guangzhou,2022-09-13,65,良,263,37,65,44,7,0.83
guangzhou,2022-09-14,67,良,301,37,62,36,7,0.8
guangzhou,2022-09-15,68,良,309,37,63,39,7,0.78
guangzhou,2022-09-16,73,良,310,41,69,42,7,0.79
guangzhou,2022-09-17,84,良,321,53,84,43,7,0.91
guangzhou,2022-09-18,79,良,318,50,78,36,7,0.9
guangzhou,2022-09-19,57,良,271,33,51,28,6,0.83
guangzhou,2022-09-20,62,良,319,39,61,35,6,0.87
guangzhou,2022-09-21,57,良,285,32,56,27,6,0.77
guangzhou,2022-09-22,64,良,316,30,60,26,6,0.71
guangzhou,2022-09-23,57,良,253,37,61,29,6,0.79
guangzhou,2022-09-24,56,良,254,34,57,24,6,0.75
guangzhou,2022-09-25,61,良,248,40,65,29,6,0.8
guangzhou,2022-09-26,65,良,234,39,67,33,7,0.81
guangzhou,2022-09-27,49,优,169,28,52,32,6,0.72
guangzhou,2022-09-28,40,优,141,18,38,26,6,0.6
guangzhou,2022-09-29,37,优,112,16,36,27,6,0.6
guangzhou,2022-09-30,22,优,36,10,22,22,5,0.54
guangzhou,2022-10-01,24,优,77,12,24,20,5,0.56
guangzhou,2022-10-02,27,优,101,13,25,17,5,0.58
guangzhou,2022-10-03,29,优,171,13,27,20,5,0.56
guangzhou,2022-10-04,47,优,292,21,40,28,6,0.65
guangzhou,2022-10-05,47,优,303,26,46,24,5,0.66
guangzhou,2022-10-06,35,优,225,15,32,21,5,0.64
guangzhou,2022-10-07,46,优,239,28,46,22,6,0.78
guangzhou,2022-10-08,35,优,157,19,34,20,6,0.75
guangzhou,2022-10-09,41,优,244,24,41,20,7,0.75
guangzhou,2022-10-10,32,优,169,12,31,16,6,0.61
guangzhou,2022-10-11,39,优,142,14,38,23,7,0.49
guangzhou,2022-10-12,46,优,165,20,45,32,8,0.54
guangzhou,2022-10-13,47,优,140,23,46,34,8,0.57
guangzhou,2022-10-14,50,优,135,25,47,33,8,0.59
guangzhou,2022-10-15,50,优,121,25,46,27,8,0.57
guangzhou,2022-10-16,50,优,151,26,51,21,8,0.6
guangzhou,2022-10-17,54,良,219,29,58,17,9,0.61
guangzhou,2022-10-18,66,良,277,46,78,21,7,0.72
guangzhou,2022-10-19,51,良,167,29,52,25,8,0.6
guangzhou,2022-10-20,53,良,156,30,55,39,9,0.62
guangzhou,2022-10-21,73,良,246,35,69,57,7,0.73
guangzhou,2022-10-22,57,良,152,31,60,51,7,0.66
guangzhou,2022-10-23,58,良,169,29,58,44,7,0.66
guangzhou,2022-10-24,68,良,216,37,66,33,7,0.71
guangzhou,2022-10-25,67,良,221,32,69,33,7,0.63
guangzhou,2022-10-26,67,良,271,27,65,35,6,0.59
guangzhou,2022-10-27,71,良,289,32,69,41,6,0.65
guangzhou,2022-10-28,56,良,254,35,62,33,7,0.67
guangzhou,2022-10-29,39,优,139,25,39,17,5,0.6
guangzhou,2022-10-30,32,优,82,18,32,15,5,0.56
guangzhou,2022-10-31,46,优,155,22,47,15,7,0.6
guangzhou,2022-11-01,43,优,163,20,44,14,6,0.55
guangzhou,2022-11-02,28,优,49,17,28,17,5,0.56
guangzhou,2022-11-03,13,优,1,7,11,21,4,0.6
guangzhou,2022-11-04,13,优,3,6,9,20,4,0.62
guangzhou,2022-11-05,20,优,17,9,16,18,4,0.63
guangzhou,2022-11-06,21,优,13,14,20,25,4,0.69
guangzhou,2022-11-07,21,优,7,14,21,26,4,0.72
guangzhou,2022-11-08,20,优,8,13,19,26,4,0.7
guangzhou,2022-11-09,27,优,31,16,27,33,4,0.67
guangzhou,2022-11-10,63,良,174,42,74,56,5,0.92
guangzhou,2022-11-11,82,良,254,52,85,56,5,0.93
guangzhou,2022-11-12,74,良,312,50,80,57,5,0.85
guangzhou,2022-11-13,68,良,318,44,70,50,5,0.81
guangzhou,2022-11-14,58,良,245,40,65,39,6,0.77
guangzhou,2022-11-15,80,良,296,59,93,47,8,0.98
guangzhou,2022-11-16,65,良,211,46,72,42,6,0.9
guangzhou,2022-11-17,52,良,161,31,55,42,5,0.82
guangzhou,2022-11-18,56,良,193,34,61,46,6,0.81
guangzhou,2022-11-19,52,良,173,30,55,35,5,0.76
guangzhou,2022-11-20,36,优,94,19,36,26,6,0.85
guangzhou,2022-11-21,50,优,155,29,52,33,6,0.82
guangzhou,2022-11-22,26,优,64,16,26,26,4,0.68
guangzhou,2022-11-23,12,优,9,5,10,21,4,0.78
guangzhou,2022-11-24,12,优,9,5,8,23,4,0.83
guangzhou,2022-11-25,17,优,14,9,15,27,4,0.85
guangzhou,2022-11-26,16,优,9,9,13,27,4,0.76
guangzhou,2022-11-27,34,优,82,19,34,35,5,0.77
guangzhou,2022-11-28,28,优,80,15,28,29,4,0.69
guangzhou,2022-11-29,27,优,75,12,27,30,4,0.61
guangzhou,2022-11-30,20,优,58,7,20,21,4,0.77
guangzhou,2022-12-01,13,优,33,5,12,17,4,0.51
guangzhou,2022-12-02,15,优,23,6,15,21,4,0.53
guangzhou,2022-12-03,31,优,82,17,31,29,6,0.63
guangzhou,2022-12-04,26,优,82,14,26,25,5,0.72
guangzhou,2022-12-05,17,优,26,8,17,20,5,0.74
guangzhou,2022-12-06,24,优,38,14,24,21,5,0.73
guangzhou,2022-12-07,31,优,51,18,31,27,6,0.68
guangzhou,2022-12-08,38,优,60,21,38,32,7,0.71
guangzhou,2022-12-09,41,优,67,24,41,26,6,0.71
guangzhou,2022-12-10,44,优,97,26,44,21,6,0.65
guangzhou,2022-12-11,51,良,130,35,53,18,7,0.69
guangzhou,2022-12-12,59,良,88,42,58,19,6,0.86
guangzhou,2022-12-13,68,良,119,49,69,23,7,0.8
guangzhou,2022-12-14,40,优,61,27,40,19,4,0.66
guangzhou,2022-12-15,37,优,59,23,37,31,4,0.68
guangzhou,2022-12-16,20,优,19,13,18,27,4,0.71
guangzhou,2022-12-17,52,良,159,33,55,16,6,0.63
guangzhou,2022-12-18,30,优,44,12,30,14,5,0.43
guangzhou,2022-12-19,37,优,46,17,39,33,6,0.49
guangzhou,2022-12-20,49,优,62,25,52,49,7,0.6
guangzhou,2022-12-21,42,优,56,22,42,29,8,0.59
guangzhou,2022-12-22,49,优,128,28,51,42,6,0.61
guangzhou,2022-12-23,54,良,166,29,58,35,7,0.56
guangzhou,2022-12-24,43,优,81,21,43,33,5,0.58
guangzhou,2022-12-25,41,优,54,21,44,38,6,0.6
guangzhou,2022-12-26,59,良,133,36,68,53,7,0.75
guangzhou,2022-12-27,57,良,113,35,64,50,8,0.69
guangzhou,2022-12-28,68,良,177,49,77,36,9,0.81
guangzhou,2022-12-29,70,良,189,50,68,24,7,0.75
guangzhou,2022-12-30,48,优,78,33,46,21,5,0.78
guangzhou,2022-12-31,33,优,32,21,31,19,5,0.75
guangzhou,2023-01-01,39,优,71,26,38,22,5,0.73
guangzhou,2023-01-02,41,优,78,27,41,20,6,0.79
guangzhou,2023-01-03,47,优,90,32,44,20,5,0.8
guangzhou,2023-01-04,50,优,82,35,49,29,6,0.8
guangzhou,2023-01-05,50,优,71,33,52,41,6,0.88
guangzhou,2023-01-06,46,优,59,29,47,33,6,0.79
guangzhou,2023-01-07,46,优,45,31,48,33,6,0.8
guangzhou,2023-01-08,56,良,67,37,61,49,6,0.83
guangzhou,2023-01-09,25,优,21,14,18,30,5,0.77
guangzhou,2023-01-10,13,优,2,6,9,26,4,0.71
guangzhou,2023-01-11,19,优,12,13,17,29,4,0.71
guangzhou,2023-01-12,32,优,58,21,30,37,5,0.83
guangzhou,2023-01-13,22,优,17,13,22,35,4,0.66
guangzhou,2023-01-14,25,优,76,14,24,26,5,0.65
guangzhou,2023-01-15,14,优,15,7,14,16,4,0.89
guangzhou,2023-01-16,15,优,15,10,15,11,4,0.7
guangzhou,2023-01-17,35,优,42,21,35,11,4,0.6
guangzhou,2023-01-18,39,优,46,23,39,11,5,0.6
guangzhou,2023-01-19,42,优,43,27,42,17,5,0.67
guangzhou,2023-01-20,41,优,69,28,41,14,5,0.68
guangzhou,2023-01-21,52,良,57,36,51,15,6,0.72
guangzhou,2023-01-22,82,良,106,60,73,14,9,0.7
guangzhou,2023-01-23,93,良,229,69,82,14,6,0.77
guangzhou,2023-01-24,42,优,120,28,46,6,5,0.61
guangzhou,2023-01-25,65,良,211,45,80,8,5,0.58
guangzhou,2023-01-26,56,良,85,39,59,13,5,0.63
guangzhou,2023-01-27,50,优,99,31,53,8,5,0.62
guangzhou,2023-01-28,57,良,152,29,64,9,6,0.48
guangzhou,2023-01-29,52,良,90,28,54,14,5,0.52
guangzhou,2023-01-30,50,优,75,32,53,29,5,0.61
guangzhou,2023-01-31,54,良,72,35,57,38,6,0.7
guangzhou,2023-02-01,46,优,54,24,47,37,5,0.66
guangzhou,2023-02-02,47,优,117,26,47,33,6,0.67
guangzhou,2023-02-03,59,良,142,38,67,31,5,0.7
guangzhou,2023-02-04,57,良,121,40,57,33,5,0.8
guangzhou,2023-02-05,39,优,62,27,35,28,5,0.97
guangzhou,2023-02-06,42,优,84,29,39,32,4,0.97
guangzhou,2023-02-07,52,良,111,32,54,42,5,1.06
guangzhou,2023-02-08,32,优,70,18,32,35,5,0.88
guangzhou,2023-02-09,38,优,119,21,38,41,5,0.71
guangzhou,2023-02-10,39,优,91,22,39,38,5,0.92
guangzhou,2023-02-11,30,优,56,15,30,27,5,0.8
guangzhou,2023-02-12,25,优,52,12,25,23,5,0.57
guangzhou,2023-02-13,26,优,83,12,26,30,5,0.65
guangzhou,2023-02-14,17,优,11,7,17,17,5,0.83
guangzhou,2023-02-15,27,优,23,17,27,16,5,0.73
guangzhou,2023-02-16,42,优,54,28,43,28,5,0.66
guangzhou,2023-02-17,61,良,116,41,72,55,6,0.82
guangzhou,2023-02-18,71,良,155,43,78,62,6,0.85
guangzhou,2023-02-19,63,良,190,41,75,46,7,0.82
guangzhou,2023-02-20,50,优,99,34,51,23,6,0.8
guangzhou,2023-02-21,67,良,245,47,73,32,7,0.78
guangzhou,2023-02-22,60,良,203,34,70,41,7,0.63
guangzhou,2023-02-23,72,良,207,44,84,60,7,0.69
guangzhou,2023-02-24,75,良,248,54,95,57,9,0.81
guangzhou,2023-02-25,41,优,77,28,40,17,5,0.68
guangzhou,2023-02-26,53,良,115,37,52,23,6,0.69
guangzhou,2023-02-27,68,良,170,49,77,48,7,0.72
guangzhou,2023-02-28,63,良,120,35,71,54,8,0.68
guangzhou,2023-03-01,82,良,211,50,93,70,7,0.82
guangzhou,2023-03-01,82,良,213,50,93,70,7,0.82
guangzhou,2023-03-02,68,良,156,49,79,40,7,0.79
guangzhou,2023-03-03,85,良,241,60,104,48,7,0.83
guangzhou,2023-03-04,71,良,172,50,86,44,8,0.83
guangzhou,2023-03-05,73,良,176,45,79,47,7,0.77
guangzhou,2023-03-06,68,良,156,34,73,45,7,0.66
guangzhou,2023-03-07,59,良,99,29,68,56,7,0.62
guangzhou,2023-03-08,61,良,124,33,72,58,6,0.65
guangzhou,2023-03-09,67,良,152,42,83,57,7,0.77
guangzhou,2023-03-10,72,良,185,39,74,43,7,0.67
guangzhou,2023-03-11,58,良,134,32,65,45,6,0.62
guangzhou,2023-03-12,56,良,132,31,63,32,5,0.65
guangzhou,2023-03-13,84,良,250,31,119,21,7,0.56
guangzhou,2023-03-14,87,良,250,46,124,48,7,0.71
guangzhou,2023-03-15,62,良,111,35,74,39,5,0.7
guangzhou,2023-03-16,71,良,211,38,77,46,7,0.77
guangzhou,2023-03-17,57,良,261,30,64,44,6,0.68
guangzhou,2023-03-18,67,良,261,42,75,40,6,0.76
guangzhou,2023-03-19,41,优,118,21,41,24,5,0.63
guangzhou,2023-03-20,40,优,108,19,40,28,5,0.65
guangzhou,2023-03-21,37,优,80,17,37,31,4,0.6
guangzhou,2023-03-22,44,优,103,22,44,31,5,0.64
guangzhou,2023-03-23,43,优,112,22,43,27,5,0.6
guangzhou,2023-03-24,29,优,72,16,29,29,5,0.61
guangzhou,2023-03-25,30,优,70,19,30,33,5,0.78
guangzhou,2023-03-26,12,优,7,5,9,21,4,0.8
guangzhou,2023-03-27,14,优,8,8,12,24,4,0.77
guangzhou,2023-03-28,21,优,13,12,20,28,5,0.79
guangzhou,2023-03-29,19,优,14,11,18,33,4,0.89
guangzhou,2023-03-30,18,优,4,12,17,32,4,1.01
guangzhou,2023-03-31,17,优,3,10,15,31,4,0.93
guangzhou,2023-04-01,31,优,27,21,30,38,4,0.9
guangzhou,2023-04-02,38,优,42,24,38,40,5,0.8
guangzhou,2023-04-03,36,优,121,19,36,30,5,0.69
guangzhou,2023-04-04,32,优,144,18,32,28,4,0.68
guangzhou,2023-04-05,28,优,63,17,28,26,4,0.72
guangzhou,2023-04-06,27,优,39,15,27,23,4,0.72
guangzhou,2023-04-07,26,优,26,9,19,17,5,0.65
guangzhou,2023-04-08,62,良,191,31,75,22,6,0.58
guangzhou,2023-04-09,62,良,118,38,74,35,6,0.67
guangzhou,2023-04-10,57,良,87,32,63,47,5,0.7
guangzhou,2023-04-11,52,良,77,24,54,43,5,0.72
guangzhou,2023-04-12,55,良,83,30,61,45,5,0.8
guangzhou,2023-04-13,49,优,76,28,52,34,5,0.68
guangzhou,2023-04-14,61,良,146,34,72,47,5,0.71
guangzhou,2023-04-15,50,优,67,30,56,33,6,0.82
guangzhou,2023-04-16,68,良,155,30,60,38,6,0.82
guangzhou,2023-04-17,51,良,56,31,52,24,5,0.74
guangzhou,2023-04-18,42,优,68,23,42,26,5,0.69
guangzhou,2023-04-19,36,优,77,20,33,33,5,0.79
guangzhou,2023-04-20,59,良,156,29,49,42,6,0.91
guangzhou,2023-04-21,29,优,31,15,29,32,5,0.8
guangzhou,2023-04-22,36,优,128,21,36,25,5,0.64
guangzhou,2023-04-23,41,优,202,22,41,22,5,0.6
guangzhou,2023-04-24,34,优,148,18,33,31,5,0.71
guangzhou,2023-04-25,19,优,21,10,19,24,5,0.78
guangzhou,2023-04-26,26,优,29,10,21,25,5,0.68
guangzhou,2023-04-27,43,优,89,24,44,37,6,0.77
guangzhou,2023-04-28,40,优,64,20,39,30,5,0.69
guangzhou,2023-04-29,31,优,33,13,29,27,5,0.69
guangzhou,2023-04-30,43,优,94,17,44,19,6,0.61
guangzhou,2023-05-01,59,良,139,31,67,29,6,0.72
guangzhou,2023-05-02,46,优,88,19,47,22,6,0.61
guangzhou,2023-05-03,36,优,88,16,36,23,5,0.56
guangzhou,2023-05-04,29,优,119,12,28,17,5,0.55
guangzhou,2023-05-05,29,优,111,13,29,19,5,0.5
guangzhou,2023-05-06,30,优,110,13,30,23,5,0.53
guangzhou,2023-05-07,23,优,45,10,22,21,5,0.68
guangzhou,2023-05-08,29,优,72,19,29,21,5,0.66
guangzhou,2023-05-09,44,优,163,30,45,29,6,0.69
guangzhou,2023-05-10,48,优,200,23,48,32,6,0.63
guangzhou,2023-05-11,41,优,116,20,41,34,5,0.62
guangzhou,2023-05-12,21,优,18,12,20,29,4,0.79
guangzhou,2023-05-13,38,优,79,24,38,37,5,0.88
guangzhou,2023-05-14,49,优,113,33,48,39,6,0.86
guangzhou,2023-05-15,66,良,231,33,54,36,6,0.74
guangzhou,2023-05-16,42,优,97,23,39,25,5,0.7
guangzhou,2023-05-17,25,优,25,11,25,23,5,0.62
guangzhou,2023-05-18,50,优,232,29,49,26,5,0.68
guangzhou,2023-05-19,40,优,105,24,40,25,5,0.72
guangzhou,2023-05-20,44,优,96,25,44,18,4,0.61
guangzhou,2023-05-21,35,优,64,18,35,14,4,0.59
guangzhou,2023-05-22,37,优,138,19,38,16,4,0.61
guangzhou,2023-05-23,28,优,28,15,26,19,5,0.75
guangzhou,2023-05-24,30,优,21,17,29,31,4,0.69
guangzhou,2023-05-25,40,优,91,23,39,28,5,0.69
guangzhou,2023-05-26,29,优,43,12,28,19,4,0.53
guangzhou,2023-05-27,36,优,168,18,35,20,4,0.52
guangzhou,2023-05-28,42,优,235,19,37,20,5,0.6
guangzhou,2023-05-29,62,良,313,27,51,26,5,0.64
guangzhou,2023-05-30,60,良,293,36,61,35,6,0.75
guangzhou,2023-05-31,50,优,231,30,50,26,6,0.7
guangzhou,2023-06-01,51,良,0,28,46,26,5,0.76
guangzhou,2023-06-02,66,良,0,32,51,24,6,0.73
guangzhou,2023-06-03,46,优,0,18,32,17,5,0.62
guangzhou,2023-06-04,26,优,0,14,25,17,5,0.6
guangzhou,2023-06-05,28,优,0,13,27,21,5,0.62
guangzhou,2023-06-06,25,优,0,11,24,24,5,0.62
guangzhou,2023-06-07,21,优,0,10,21,24,5,0.66
guangzhou,2023-06-08,19,优,0,9,18,25,5,0.66
guangzhou,2023-06-09,23,优,0,10,19,22,5,0.67
guangzhou,2023-06-10,26,优,0,12,20,19,4,0.66
guangzhou,2023-06-11,30,优,0,14,27,18,5,0.66
guangzhou,2023-06-12,35,优,0,17,31,21,5,0.67
guangzhou,2023-06-13,43,优,0,24,39,22,5,0.76
guangzhou,2023-06-14,32,优,0,20,26,21,5,0.81
guangzhou,2023-06-15,27,优,0,16,25,16,5,0.78
guangzhou,2023-06-16,23,优,0,12,22,24,5,0.74
guangzhou,2023-06-17,16,优,0,8,15,23,5,0.65
guangzhou,2023-06-18,21,优,0,11,21,26,5,0.7
guangzhou,2023-06-19,21,优,0,10,20,22,5,0.68
guangzhou,2023-06-20,30,优,0,14,28,19,5,0.66
guangzhou,2023-06-21,28,优,0,12,26,17,5,0.61
guangzhou,2023-06-22,25,优,0,11,23,12,5,0.6
guangzhou,2023-06-23,21,优,0,9,21,19,5,0.65
guangzhou,2023-06-24,23,优,0,11,23,24,5,0.69
guangzhou,2023-06-25,23,优,0,12,22,20,4,0.67
guangzhou,2023-06-26,29,优,0,14,25,24,5,0.69
guangzhou,2023-06-27,30,优,0,13,26,25,5,0.64
guangzhou,2023-06-28,23,优,0,9,21,23,5,0.62
guangzhou,2023-06-29,40,优,0,15,30,22,5,0.63
guangzhou,2023-06-30,28,优,0,15,27,18,5,0.6
guangzhou,2023-07-01,23,优,0,11,22,19,5,0.62
guangzhou,2023-07-02,18,优,0,10,18,22,5,0.6
guangzhou,2023-07-03,17,优,0,7,15,19,4,0.6
guangzhou,2023-07-04,21,优,0,9,20,25,5,0.64
guangzhou,2023-07-05,28,优,0,12,26,20,5,0.64
guangzhou,2023-07-06,23,优,0,10,21,13,5,0.56
guangzhou,2023-07-07,24,优,0,12,24,13,5,0.53
guangzhou,2023-07-08,27,优,0,12,24,15,5,0.57
guangzhou,2023-07-09,24,优,0,8,21,14,5,0.57
guangzhou,2023-07-10,26,优,0,9,23,15,6,0.58
guangzhou,2023-07-11,26,优,0,9,22,15,5,0.54
guangzhou,2023-07-12,26,优,0,10,23,15,6,0.58
guangzhou,2023-07-13,29,优,0,12,24,17,5,0.57
guangzhou,2023-07-14,46,优,0,16,32,22,6,0.6
guangzhou,2023-07-15,62,良,0,31,54,30,7,0.68
guangzhou,2023-07-16,27,优,0,15,27,16,5,0.64
guangzhou,2023-07-17,15,优,0,6,13,9,5,0.58
guangzhou,2023-07-18,20,优,0,11,19,16,5,0.68
guangzhou,2023-07-19,22,优,0,11,20,21,5,0.67
guangzhou,2023-07-20,23,优,0,9,19,18,5,0.61
guangzhou,2023-07-21,38,优,0,16,32,22,5,0.66
guangzhou,2023-07-22,30,优,0,13,28,22,6,0.6
guangzhou,2023-07-23,29,优,0,11,24,18,6,0.57
guangzhou,2023-07-24,25,优,0,9,21,17,5,0.53
guangzhou,2023-07-25,36,优,0,13,27,20,6,0.57
guangzhou,2023-07-26,49,优,0,27,44,22,6,0.6
guangzhou,2023-07-27,30,优,0,15,28,15,7,0.55
guangzhou,2023-07-28,29,优,0,12,25,16,7,0.56
guangzhou,2023-07-29,33,优,0,17,33,22,5,0.64
guangzhou,2023-07-30,20,优,0,10,19,18,5,0.59
guangzhou,2023-07-31,28,优,0,12,26,20,5,0.56
guangzhou,2023-08-01,26,优,0,11,23,20,6,0.53
guangzhou,2023-08-02,43,优,0,20,33,21,6,0.57
guangzhou,2023-08-03,56,良,0,22,39,25,6,0.61
guangzhou,2023-08-04,27,优,0,10,23,17,6,0.6
guangzhou,2023-08-05,30,优,0,12,27,14,6,0.59
guangzhou,2023-08-06,32,优,0,14,31,13,6,0.6
guangzhou,2023-08-07,33,优,0,15,31,17,5,0.63
guangzhou,2023-08-08,28,优,0,12,27,19,6,0.62
guangzhou,2023-08-09,36,优,0,17,34,21,6,0.68
guangzhou,2023-08-10,35,优,0,18,35,28,5,0.73
guangzhou,2023-08-11,30,优,0,10,21,22,5,0.65
guangzhou,2023-08-12,30,优,0,16,28,22,5,0.68
guangzhou,2023-08-13,29,优,0,14,26,18,5,0.65
guangzhou,2023-08-14,32,优,0,17,32,20,5,0.65
guangzhou,2023-08-15,28,优,0,15,28,23,5,0.65
guangzhou,2023-08-16,40,优,0,22,40,22,5,0.67
guangzhou,2023-08-17,39,优,0,22,40,29,5,0.73
guangzhou,2023-08-18,46,优,0,29,47,36,5,0.85
guangzhou,2023-08-19,56,良,0,27,44,29,5,0.83
guangzhou,2023-08-20,25,优,0,13,25,21,5,0.68
guangzhou,2023-08-21,25,优,0,11,23,25,5,0.61
guangzhou,2023-08-22,28,优,0,13,25,23,5,0.63
guangzhou,2023-08-23,27,优,0,13,27,25,5,0.63
guangzhou,2023-08-24,22,优,0,12,21,26,5,0.68
guangzhou,2023-08-25,27,优,0,14,26,31,5,0.73
guangzhou,2023-08-26,32,优,0,17,32,32,5,0.73
guangzhou,2023-08-27,26,优,0,12,24,19,5,0.62
guangzhou,2023-08-28,24,优,0,11,21,20,5,0.64
guangzhou,2023-08-29,21,优,0,12,20,19,5,0.78
guangzhou,2023-08-30,23,优,0,13,21,13,6,0.76
guangzhou,2023-08-31,22,优,0,10,18,13,6,0.71
guangzhou,2023-09-01,23,优,0,13,23,12,6,0.7
guangzhou,2023-09-02,18,优,0,12,17,11,5,0.64
guangzhou,2023-09-03,22,优,0,13,20,14,5,0.65
guangzhou,2023-09-04,33,优,0,21,32,18,6,0.68
guangzhou,2023-09-05,35,优,0,22,35,19,7,0.68
guangzhou,2023-09-06,28,优,0,16,27,22,6,0.7
guangzhou,2023-09-07,12,优,0,5,9,23,5,0.67
guangzhou,2023-09-08,17,优,0,9,13,18,5,0.66
guangzhou,2023-09-09,22,优,0,12,19,23,5,0.67
guangzhou,2023-09-10,18,优,0,10,16,22,5,0.64
guangzhou,2023-09-11,19,优,0,10,18,24,5,0.63
guangzhou,2023-09-12,24,优,0,11,21,24,6,0.62
guangzhou,2023-09-13,23,优,0,12,22,27,5,0.68
guangzhou,2023-09-14,19,优,0,10,19,26,5,0.76
guangzhou,2023-09-15,14,优,0,6,12,25,5,0.64
guangzhou,2023-09-16,22,优,0,10,18,22,5,0.6
guangzhou,2023-09-17,26,优,0,12,24,23,5,0.59
guangzhou,2023-09-18,32,优,0,14,28,25,5,0.58
guangzhou,2023-09-19,37,优,0,16,33,27,5,0.6
guangzhou,2023-09-20,39,优,0,17,34,25,5,0.59
guangzhou,2023-09-21,55,良,0,23,43,28,6,0.67
guangzhou,2023-09-22,48,优,0,27,47,33,6,0.71
guangzhou,2023-09-23,54,良,0,30,49,34,5,0.75
guangzhou,2023-09-24,32,优,0,14,29,23,5,0.6
guangzhou,2023-09-25,29,优,0,13,26,20,5,0.57
guangzhou,2023-09-26,34,优,0,16,31,27,5,0.58
guangzhou,2023-09-27,42,优,0,22,40,28,5,0.64
guangzhou,2023-09-28,43,优,0,27,43,31,5,0.7
guangzhou,2023-09-29,35,优,0,19,32,22,5,0.63
guangzhou,2023-09-30,33,优,0,20,31,16,5,0.62
guangzhou,2023-10-01,41,优,0,26,41,19,5,0.7
guangzhou,2023-10-02,27,优,0,13,22,16,4,0.7
guangzhou,2023-10-03,44,优,0,27,41,22,5,0.78
guangzhou,2023-10-04,48,优,0,32,48,24,5,0.8
guangzhou,2023-10-05,30,优,0,18,28,13,5,0.71
guangzhou,2023-10-06,33,优,0,16,30,13,5,0.59
guangzhou,2023-10-07,19,优,0,8,15,14,5,0.6
guangzhou,2023-10-08,16,优,0,7,14,14,5,0.62
guangzhou,2023-10-09,13,优,0,7,11,16,5,0.63
guangzhou,2023-10-10,14,优,12,6,12,17,5,0.64
guangzhou,2023-10-11,20,优,28,10,17,18,5,0.62
guangzhou,2023-10-12,33,优,108,20,31,21,5,0.63
guangzhou,2023-10-13,33,优,98,19,31,17,5,0.61
guangzhou,2023-10-14,47,优,168,32,47,22,6,0.69
guangzhou,2023-10-15,50,优,176,35,49,22,6,0.73
guangzhou,2023-10-16,46,优,138,29,45,26,6,0.65
guangzhou,2023-10-17,48,优,121,30,48,30,6,0.64
guangzhou,2023-10-18,42,优,118,28,40,26,5,0.69
guangzhou,2023-10-19,42,优,192,29,39,33,5,0.79
guangzhou,2023-10-20,24,优,69,14,24,25,5,0.73
guangzhou,2023-11-01,53,良,157,29,52,43,5,0.66
guangzhou,2023-11-02,64,良,207,34,62,47,6,0.69
guangzhou,2023-11-03,67,良,231,39,70,53,5,0.74
guangzhou,2023-11-04,63,良,213,34,60,42,5,0.7
guangzhou,2023-11-05,43,优,160,21,42,34,5,0.62
guangzhou,2023-11-06,43,优,198,23,44,33,6,0.66
guangzhou,2023-11-07,38,优,110,17,39,29,7,0.6
guangzhou,2023-11-08,61,良,231,39,72,47,7,0.79
guangzhou,2023-11-09,54,良,183,30,59,37,6,0.74
guangzhou,2023-11-10,54,良,264,30,58,43,5,0.75
guangzhou,2023-11-11,19,优,39,11,19,26,5,0.73
guangzhou,2023-11-12,16,优,26,6,13,15,5,0.66
guangzhou,2023-11-13,18,优,29,8,17,18,5,0.57
guangzhou,2023-11-14,26,优,54,16,26,22,6,0.63
guangzhou,2023-11-15,37,优,88,23,37,31,6,0.69
guangzhou,2023-11-16,31,优,66,15,31,28,6,0.71
guangzhou,2023-11-17,52,良,170,20,57,24,6,0.5
guangzhou,2023-11-18,57,良,171,23,65,33,6,0.48
guangzhou,2023-11-19,60,良,165,29,70,46,6,0.6
guangzhou,2023-11-20,69,良,197,41,88,61,7,0.76
guangzhou,2023-11-21,65,良,154,40,81,60,6,0.77
guangzhou,2023-11-22,66,良,149,40,76,62,6,0.76
guangzhou,2023-11-23,81,良,228,51,92,66,6,0.85
guangzhou,2023-11-24,58,良,193,37,65,47,6,0.68
guangzhou,2023-11-25,70,良,262,49,90,43,6,0.79
guangzhou,2023-11-26,63,良,162,42,75,45,6,0.81
guangzhou,2023-11-27,70,良,175,50,79,46,7,0.86
guangzhou,2023-11-28,57,良,148,38,64,40,7,0.7
guangzhou,2023-11-29,65,良,204,46,79,58,6,0.8
guangzhou,2023-11-30,49,优,191,33,53,32,6,0.79
guangzhou,2023-12-01,49,优,171,32,52,21,6,0.74
guangzhou,2023-12-02,46,优,108,26,47,29,7,0.67
guangzhou,2023-12-03,50,优,107,31,52,34,8,0.73
guangzhou,2023-12-04,46,优,98,29,46,35,7,0.77
guangzhou,2023-12-05,36,优,64,20,37,35,7,0.85
guangzhou,2023-12-06,40,优,68,23,40,38,7,0.86
guangzhou,2023-12-07,41,优,77,21,43,44,7,0.64
guangzhou,2023-12-08,63,良,156,38,76,64,8,0.76
guangzhou,2023-12-09,63,良,179,39,76,64,7,0.79
guangzhou,2023-12-10,47,优,133,23,48,39,6,0.68
guangzhou,2023-12-11,53,良,254,30,58,50,5,0.76
guangzhou,2023-12-12,45,优,140,26,49,36,6,0.82
guangzhou,2023-12-13,43,优,108,25,46,38,6,0.8
guangzhou,2023-12-14,60,良,237,40,70,55,7,0.97
guangzhou,2023-12-15,61,良,278,38,72,60,6,0.91
guangzhou,2023-12-16,23,优,50,8,23,21,5,0.81
guangzhou,2023-12-17,30,优,94,19,30,17,5,0.68
guangzhou,2023-12-18,35,优,90,23,35,27,5,0.75
guangzhou,2023-12-19,13,优,9,6,13,22,5,0.73
guangzhou,2023-12-20,25,优,37,16,25,17,5,0.65
guangzhou,2023-12-21,31,优,58,20,30,15,5,0.63
guangzhou,2023-12-22,55,良,164,36,60,19,6,0.57
guangzhou,2023-12-23,43,优,48,27,43,24,6,0.53
guangzhou,2023-12-24,40,优,43,25,40,27,7,0.52
guangzhou,2023-12-25,43,优,44,22,46,35,6,0.53
guangzhou,2023-12-26,63,良,103,36,77,66,7,0.73
guangzhou,2023-12-27,75,良,134,51,100,74,8,0.93
guangzhou,2023-12-28,74,良,95,50,98,75,8,0.98
guangzhou,2023-12-29,73,良,89,51,96,74,8,0.94
guangzhou,2023-12-30,77,良,116,56,84,71,5,0.93
guangzhou,2023-12-31,73,良,139,53,76,57,6,1.01
shenzhen,2022-01-01,62,良,135,43,73,37,5,0.84
shenzhen,2022-01-02,68,良,164,49,77,40,5,0.92
shenzhen,2022-01-03,48,优,68,28,49,37,5,0.72
shenzhen,2022-01-04,54,良,83,34,57,41,5,0.75
shenzhen,2022-01-05,41,优,71,24,42,36,4,0.65
shenzhen,2022-01-06,57,良,132,38,62,37,5,0.69
shenzhen,2022-01-07,53,良,114,35,55,26,5,0.72
shenzhen,2022-01-08,48,优,93,31,49,29,5,0.68
shenzhen,2022-01-09,51,良,100,32,54,31,5,0.6
shenzhen,2022-01-10,45,优,93,26,47,35,5,0.7
shenzhen,2022-01-11,26,优,34,14,26,21,4,0.74
shenzhen,2022-01-12,46,优,64,29,48,30,5,0.68
shenzhen,2022-01-13,53,良,120,34,56,33,5,0.69
shenzhen,2022-01-14,60,良,90,43,65,22,5,0.68
shenzhen,2022-01-15,52,良,72,35,54,25,5,0.68
shenzhen,2022-01-16,46,优,107,31,46,27,5,0.63
shenzhen,2022-01-17,52,良,143,36,53,29,4,0.7
shenzhen,2022-01-18,38,优,80,24,38,31,4,0.95
shenzhen,2022-01-19,28,优,30,13,25,23,5,0.78
shenzhen,2022-01-20,36,优,57,20,36,28,5,0.66
shenzhen,2022-01-21,45,优,98,24,45,26,5,0.58
shenzhen,2022-01-22,21,优,20,10,17,20,5,0.58
shenzhen,2022-01-23,19,优,14,9,16,27,5,0.55
shenzhen,2022-01-24,30,优,75,20,28,31,5,0.64
shenzhen,2022-01-25,19,优,22,10,18,18,5,0.68
shenzhen,2022-01-26,29,优,66,18,29,23,5,0.75
shenzhen,2022-01-27,36,优,108,24,34,25,5,0.73
shenzhen,2022-01-28,31,优,120,18,26,18,4,0.67
shenzhen,2022-01-29,18,优,28,9,16,13,4,0.9
shenzhen,2022-01-30,16,优,21,3,8,7,4,0.86
shenzhen,2022-01-31,22,优,17,14,20,6,5,0.7
shenzhen,2022-02-01,20,优,15,13,17,5,5,0.7
shenzhen,2022-02-02,13,优,8,9,12,6,5,0.7
shenzhen,2022-02-03,11,优,10,1,4,5,5,0.76
shenzhen,2022-02-04,17,优,20,7,11,4,5,0.71
shenzhen,2022-02-05,20,优,8,13,19,5,5,0.7
shenzhen,2022-02-06,28,优,49,19,27,8,5,0.65
shenzhen,2022-02-07,26,优,79,14,25,9,5,0.54
shenzhen,2022-02-08,12,优,9,3,7,9,5,0.67
shenzhen,2022-02-09,21,优,44,11,21,14,5,0.67
shenzhen,2022-02-10,25,优,48,14,25,16,5,0.68
shenzhen,2022-02-11,22,优,32,7,15,15,5,0.54
shenzhen,2022-02-12,34,优,78,21,34,24,5,0.65
shenzhen,2022-02-13,25,优,47,15,25,20,5,0.8
shenzhen,2022-02-14,18,优,11,7,13,16,4,0.78
shenzhen,2022-02-15,30,优,44,18,30,20,5,0.76
shenzhen,2022-02-16,39,优,81,21,39,12,4,0.58
shenzhen,2022-02-17,32,优,107,17,30,12,4,0.59
shenzhen,2022-02-18,25,优,72,7,16,11,4,0.55
shenzhen,2022-02-19,11,优,10,2,6,14,4,0.63
shenzhen,2022-02-20,13,优,11,1,2,10,4,0.63
shenzhen,2022-02-21,14,优,8,2,4,14,5,0.72
shenzhen,2022-02-22,13,优,8,4,7,16,4,0.7
shenzhen,2022-02-23,15,优,9,4,9,13,4,0.61
shenzhen,2022-02-24,28,优,44,17,28,21,4,0.65
shenzhen,2022-02-25,38,优,51,22,39,36,4,0.69
shenzhen,2022-02-26,58,良,148,33,56,45,4,0.69
shenzhen,2022-02-27,60,良,133,39,60,42,4,0.72
shenzhen,2022-02-28,35,优,32,16,33,22,4,0.54
shenzhen,2022-03-01,43,优,88,22,43,39,4,0.61
shenzhen,2022-03-02,58,良,116,35,64,40,4,0.73
shenzhen,2022-03-03,47,优,64,29,43,15,4,0.75
shenzhen,2022-03-04,39,优,34,25,38,35,5,0.75
shenzhen,2022-03-05,51,良,85,31,54,44,5,0.78
shenzhen,2022-03-06,41,优,67,17,40,12,4,0.61
shenzhen,2022-03-07,38,优,82,14,34,17,5,0.65
shenzhen,2022-03-08,29,优,16,9,22,16,5,0.47
shenzhen,2022-03-09,33,优,21,10,30,22,5,0.48
shenzhen,2022-03-10,36,优,24,12,36,22,4,0.53
shenzhen,2022-03-11,38,优,36,14,38,30,4,0.55
shenzhen,2022-03-12,32,优,28,13,30,21,4,0.54
shenzhen,2022-03-13,33,优,35,14,33,19,4,0.55
shenzhen,2022-03-14,28,优,13,12,26,21,4,0.55
shenzhen,2022-03-15,27,优,16,14,27,28,5,0.54
shenzhen,2022-03-16,25,优,18,13,24,11,5,0.53
shenzhen,2022-03-17,19,优,2,10,19,13,4,0.55
shenzhen,2022-03-18,41,优,146,27,42,28,5,0.65
shenzhen,2022-03-19,45,优,143,27,37,15,5,0.7
shenzhen,2022-03-20,30,优,53,14,23,9,4,0.68
shenzhen,2022-03-21,35,优,150,23,35,13,5,0.7
shenzhen,2022-03-22,27,优,97,18,25,15,5,0.61
shenzhen,2022-03-23,12,优,8,4,8,17,4,0.68
shenzhen,2022-03-24,15,优,7,5,9,16,4,0.68
shenzhen,2022-03-25,24,优,39,8,16,13,4,0.55
shenzhen,2022-03-26,27,优,32,17,26,15,4,0.5
shenzhen,2022-03-27,27,优,38,14,27,17,4,0.78
shenzhen,2022-03-28,17,优,9,9,16,20,4,0.77
shenzhen,2022-03-29,26,优,14,15,26,28,4,0.73
shenzhen,2022-03-30,35,优,89,16,31,26,4,0.7
shenzhen,2022-03-31,30,优,73,13,28,24,4,0.6
shenzhen,2022-04-01,25,优,51,9,21,13,4,0.65
shenzhen,2022-04-02,20,优,11,7,15,15,4,0.53
shenzhen,2022-04-03,31,优,27,13,28,16,4,0.47
shenzhen,2022-04-04,52,良,125,22,54,25,5,0.51
shenzhen,2022-04-05,59,良,179,25,56,27,5,0.56
shenzhen,2022-04-06,52,良,136,24,50,29,5,0.57
shenzhen,2022-04-07,41,优,61,20,43,25,4,0.55
shenzhen,2022-04-08,55,良,89,23,50,29,5,0.53
shenzhen,2022-04-09,37,优,20,13,37,18,5,0.5
shenzhen,2022-04-10,43,优,41,19,43,22,5,0.53
shenzhen,2022-04-11,38,优,33,18,38,27,5,0.57
shenzhen,2022-04-12,25,优,15,11,25,23,4,0.52
shenzhen,2022-04-13,29,优,37,12,29,24,4,0.52
shenzhen,2022-04-14,38,优,132,15,30,19,4,0.67
shenzhen,2022-04-15,33,优,108,14,31,13,4,0.6
shenzhen,2022-04-16,40,优,139,16,40,10,4,0.51
shenzhen,2022-04-17,52,良,165,26,53,15,5,0.61
shenzhen,2022-04-18,43,优,118,24,44,22,4,0.66
shenzhen,2022-04-19,15,优,8,7,15,22,4,0.7
shenzhen,2022-04-20,35,优,42,20,35,29,4,0.75
shenzhen,2022-04-21,46,优,66,28,45,29,5,0.75
shenzhen,2022-04-22,26,优,15,14,26,18,4,0.6
shenzhen,2022-04-23,25,优,14,13,24,19,4,0.54
shenzhen,2022-04-24,19,优,7,9,19,16,4,0.5
shenzhen,2022-04-25,19,优,6,11,19,12,4,0.5
shenzhen,2022-04-26,22,优,12,13,22,14,4,0.5
shenzhen,2022-04-27,21,优,8,13,21,16,5,0.48
shenzhen,2022-04-28,23,优,13,14,23,12,4,0.5
shenzhen,2022-04-29,27,优,41,15,27,20,4,0.53
shenzhen,2022-04-30,28,优,68,13,27,17,4,0.6
shenzhen,2022-05-01,18,优,21,4,11,8,4,0.69
shenzhen,2022-05-02,19,优,8,5,10,9,4,0.66
shenzhen,2022-05-03,32,优,35,18,30,14,5,0.6
shenzhen,2022-05-04,44,优,84,16,37,20,5,0.58
shenzhen,2022-05-05,39,优,43,16,36,16,5,0.56
shenzhen,2022-05-06,36,优,80,16,33,15,5,0.54
shenzhen,2022-05-07,40,优,116,21,40,22,5,0.58
shenzhen,2022-05-08,36,优,96,20,34,21,5,0.58
shenzhen,2022-05-09,41,优,188,25,39,18,5,0.6
shenzhen,2022-05-10,20,优,16,9,19,13,4,0.5
shenzhen,2022-05-11,13,优,2,4,10,16,5,0.51
shenzhen,2022-05-12,10,优,1,4,9,17,4,0.51
shenzhen,2022-05-13,12,优,1,6,11,20,4,0.57
shenzhen,2022-05-14,17,优,13,6,12,15,4,0.7
shenzhen,2022-05-15,20,优,26,2,6,12,4,0.61
shenzhen,2022-05-16,19,优,14,4,10,13,4,0.65
shenzhen,2022-05-17,29,优,33,12,23,16,4,0.58
shenzhen,2022-05-18,37,优,71,13,31,21,5,0.45
shenzhen,2022-05-19,42,优,115,18,40,26,5,0.53
shenzhen,2022-05-20,42,优,121,21,42,21,4,0.51
shenzhen,2022-05-21,38,优,89,22,38,23,5,0.54
shenzhen,2022-05-22,32,优,77,17,30,9,4,0.5
shenzhen,2022-05-23,24,优,49,11,21,12,4,0.5
shenzhen,2022-05-24,20,优,31,7,14,16,4,0.53
shenzhen,2022-05-25,17,优,21,5,12,14,4,0.55
shenzhen,2022-05-26,17,优,12,7,16,15,4,0.5
shenzhen,2022-05-27,21,优,32,10,21,27,4,0.59
shenzhen,2022-05-28,21,优,22,9,21,14,4,0.5
shenzhen,2022-05-29,18,优,16,6,17,11,4,0.43
shenzhen,2022-05-30,18,优,8,6,17,15,4,0.47
shenzhen,2022-05-31,21,优,29,8,20,18,4,0.5
shenzhen,2022-06-01,25,优,57,10,25,16,4,0.5
shenzhen,2022-06-02,20,优,23,7,20,14,4,0.49
shenzhen,2022-06-03,22,优,49,9,22,11,4,0.5
shenzhen,2022-06-04,25,优,86,10,25,9,4,0.5
shenzhen,2022-06-05,23,优,46,8,23,8,4,0.5
shenzhen,2022-06-06,22,优,44,8,22,16,4,0.53
shenzhen,2022-06-07,16,优,6,6,15,18,4,0.57
shenzhen,2022-06-08,14,优,6,5,13,22,4,0.58
shenzhen,2022-06-09,14,优,4,5,13,19,4,0.58
shenzhen,2022-06-10,15,优,3,5,14,19,4,0.56
shenzhen,2022-06-11,17,优,17,6,17,23,4,0.59
shenzhen,2022-06-12,21,优,34,9,21,17,4,0.6
shenzhen,2022-06-13,23,优,58,9,23,13,4,0.56
shenzhen,2022-06-14,23,优,50,9,23,22,4,0.63
shenzhen,2022-06-15,20,优,16,9,20,24,4,0.61
shenzhen,2022-06-16,16,优,7,5,16,19,4,0.55
shenzhen,2022-06-17,16,优,14,4,16,11,4,0.5
shenzhen,2022-06-18,18,优,28,6,18,11,5,0.5
shenzhen,2022-06-19,21,优,60,7,21,10,5,0.5
shenzhen,2022-06-20,22,优,72,8,22,10,5,0.5
shenzhen,2022-06-21,20,优,41,6,20,11,5,0.5
shenzhen,2022-06-22,16,优,13,4,16,12,5,0.48
shenzhen,2022-06-23,17,优,26,5,15,14,5,0.49
shenzhen,2022-06-24,18,优,30,7,17,17,5,0.48
shenzhen,2022-06-25,15,优,12,6,14,16,5,0.44
shenzhen,2022-06-26,14,优,10,3,10,12,5,0.46
shenzhen,2022-06-27,12,优,3,3,10,11,5,0.48
shenzhen,2022-06-28,14,优,7,4,12,14,5,0.5
shenzhen,2022-06-29,15,优,7,4,14,13,5,0.5
shenzhen,2022-06-30,14,优,4,3,14,11,4,0.5
shenzhen,2022-07-01,13,优,1,2,11,9,4,0.51
shenzhen,2022-07-02,18,优,42,3,14,4,4,0.5
shenzhen,2022-07-03,27,优,139,10,27,5,4,0.5
shenzhen,2022-07-04,28,优,138,11,28,10,4,0.55
shenzhen,2022-07-05,22,优,80,8,22,14,4,0.55
shenzhen,2022-07-06,21,优,69,9,21,19,5,0.59
shenzhen,2022-07-07,19,优,46,8,19,17,4,0.56
shenzhen,2022-07-08,15,优,10,5,13,10,4,0.49
shenzhen,2022-07-09,15,优,8,4,14,8,5,0.46
shenzhen,2022-07-10,15,优,7,4,15,8,5,0.43
shenzhen,2022-07-11,19,优,21,8,18,13,5,0.45
shenzhen,2022-07-12,14,优,4,4,12,13,5,0.45
shenzhen,2022-07-13,17,优,13,5,15,13,5,0.47
shenzhen,2022-07-14,16,优,14,5,15,17,5,0.46
shenzhen,2022-07-15,17,优,15,5,16,15,5,0.49
shenzhen,2022-07-16,21,优,44,7,20,13,4,0.48
shenzhen,2022-07-17,24,优,60,9,24,11,4,0.44
shenzhen,2022-07-18,23,优,65,9,23,11,5,0.5
shenzhen,2022-07-19,18,优,28,7,18,11,5,0.5
shenzhen,2022-07-20,14,优,5,6,14,8,5,0.48
shenzhen,2022-07-21,14,优,7,5,13,13,5,0.5
shenzhen,2022-07-22,30,优,131,11,27,23,5,0.54
shenzhen,2022-07-23,31,优,143,13,27,20,5,0.6
shenzhen,2022-07-24,35,优,125,17,31,18,5,0.58
shenzhen,2022-07-25,50,优,266,23,39,19,6,0.6
shenzhen,2022-07-26,27,优,50,13,23,15,5,0.55
shenzhen,2022-07-27,23,优,16,9,19,18,5,0.52
shenzhen,2022-07-28,45,优,264,19,34,22,5,0.62
shenzhen,2022-07-29,47,优,272,26,43,29,6,0.65
shenzhen,2022-07-30,44,优,232,27,45,37,5,0.72
shenzhen,2022-07-31,76,良,329,41,65,37,6,0.84
shenzhen,2022-08-01,23,优,38,10,18,18,6,0.55
shenzhen,2022-08-02,22,优,36,8,19,19,5,0.53
shenzhen,2022-08-03,29,优,71,15,29,25,5,0.64
shenzhen,2022-08-04,18,优,21,8,15,21,5,0.64
shenzhen,2022-08-05,15,优,7,3,10,16,5,0.55
shenzhen,2022-08-06,17,优,19,6,17,16,5,0.55
shenzhen,2022-08-07,18,优,26,5,18,11,6,0.5
shenzhen,2022-08-08,18,优,32,6,18,10,5,0.52
shenzhen,2022-08-09,11,优,1,2,11,10,5,0.5
shenzhen,2022-08-10,15,优,30,4,14,6,5,0.5
shenzhen,2022-08-11,13,优,5,3,12,10,5,0.51
shenzhen,2022-08-12,17,优,25,6,17,21,5,0.59
shenzhen,2022-08-13,24,优,74,10,22,21,5,0.64
shenzhen,2022-08-14,25,优,67,10,23,20,5,0.64
shenzhen,2022-08-15,21,优,44,7,19,18,5,0.6
shenzhen,2022-08-16,18,优,18,6,17,15,5,0.56
shenzhen,2022-08-17,12,优,1,3,12,12,5,0.55
shenzhen,2022-08-18,15,优,7,4,14,15,5,0.6
shenzhen,2022-08-19,15,优,11,4,14,13,5,0.6
shenzhen,2022-08-20,14,优,7,3,13,8,5,0.53
shenzhen,2022-08-21,18,优,28,5,17,10,5,0.52
shenzhen,2022-08-22,26,优,102,9,25,17,5,0.59
shenzhen,2022-08-23,51,良,317,21,42,23,5,0.66
shenzhen,2022-08-24,36,优,189,18,34,15,5,0.63
shenzhen,2022-08-25,18,优,30,4,17,6,5,0.49
shenzhen,2022-08-26,19,优,36,6,19,12,5,0.51
shenzhen,2022-08-27,35,优,245,14,33,22,5,0.59
shenzhen,2022-08-28,41,优,294,20,40,22,5,0.63
shenzhen,2022-08-29,30,优,182,15,28,16,5,0.6
shenzhen,2022-08-30,33,优,209,17,32,24,5,0.67
shenzhen,2022-08-31,52,良,300,30,51,38,5,0.81
shenzhen,2022-09-01,41,优,245,24,41,23,6,0.79
shenzhen,2022-09-02,28,优,64,14,24,12,6,0.74
shenzhen,2022-09-03,42,优,220,24,40,13,6,0.71
shenzhen,2022-09-04,36,优,164,14,28,12,6,0.62
shenzhen,2022-09-05,50,优,228,24,45,19,7,0.71
shenzhen,2022-09-06,60,良,244,31,55,23,7,0.76
shenzhen,2022-09-07,34,优,63,18,32,12,6,0.7
shenzhen,2022-09-08,34,优,59,16,31,14,5,0.68
shenzhen,2022-09-09,65,良,261,25,50,25,6,0.69
shenzhen,2022-09-10,57,良,236,35,59,14,5,0.73
shenzhen,2022-09-11,61,良,270,38,57,17,5,0.8
shenzhen,2022-09-12,64,良,250,37,59,29,6,0.8
shenzhen,2022-09-13,68,良,276,36,64,37,6,0.77
shenzhen,2022-09-14,68,良,303,32,59,30,6,0.7
shenzhen,2022-09-15,70,良,314,35,61,34,6,0.73
shenzhen,2022-09-16,90,良,330,48,73,30,6,0.87
shenzhen,2022-09-17,79,良,313,49,69,26,6,0.92
shenzhen,2022-09-18,63,良,253,41,58,23,5,0.87
shenzhen,2022-09-19,54,良,244,29,45,23,5,0.83
shenzhen,2022-09-20,49,优,247,32,48,17,5,0.82
shenzhen,2022-09-21,44,优,171,19,43,10,5,0.63
shenzhen,2022-09-22,41,优,150,17,41,11,5,0.65
shenzhen,2022-09-23,50,优,193,27,52,24,5,0.7
shenzhen,2022-09-24,41,优,139,23,41,13,5,0.74
shenzhen,2022-09-25,56,良,210,30,56,17,6,0.78
shenzhen,2022-09-26,44,优,128,19,41,15,6,0.7
shenzhen,2022-09-27,31,优,73,13,31,13,5,0.62
shenzhen,2022-09-28,26,优,39,10,25,11,5,0.52
shenzhen,2022-09-29,25,优,23,12,25,12,5,0.53
shenzhen,2022-09-30,16,优,10,6,15,13,4,0.51
shenzhen,2022-10-01,19,优,42,9,19,11,4,0.51
shenzhen,2022-10-02,19,优,39,8,18,7,4,0.53
shenzhen,2022-10-03,19,优,60,9,18,9,4,0.5
shenzhen,2022-10-04,32,优,231,16,32,16,5,0.57
shenzhen,2022-10-05,34,优,244,19,32,12,5,0.58
shenzhen,2022-10-06,27,优,156,10,23,9,5,0.6
shenzhen,2022-10-07,34,优,167,17,34,12,5,0.62
shenzhen,2022-10-08,34,优,146,17,33,14,5,0.68
shenzhen,2022-10-09,45,优,266,24,46,14,5,0.7
shenzhen,2022-10-10,35,优,197,12,34,13,6,0.6
shenzhen,2022-10-11,47,优,238,18,50,19,7,0.49
shenzhen,2022-10-12,46,优,159,19,46,26,8,0.54
shenzhen,2022-10-13,47,优,139,20,47,29,7,0.59
shenzhen,2022-10-14,49,优,123,22,48,20,7,0.62
shenzhen,2022-10-15,51,良,124,24,49,21,7,0.59
shenzhen,2022-10-16,48,优,140,23,48,15,8,0.59
shenzhen,2022-10-17,48,优,178,20,51,13,8,0.57
shenzhen,2022-10-18,54,良,205,32,59,13,6,0.65
shenzhen,2022-10-19,35,优,54,16,34,20,7,0.52
shenzhen,2022-10-20,45,优,102,17,45,19,6,0.53
shenzhen,2022-10-21,49,优,111,18,45,21,6,0.58
shenzhen,2022-10-22,43,优,91,20,41,23,7,0.55
shenzhen,2022-10-23,45,优,99,24,46,25,7,0.6
shenzhen,2022-10-24,51,良,129,26,53,17,6,0.57
shenzhen,2022-10-25,44,优,115,14,43,13,6,0.48
shenzhen,2022-10-26,42,优,123,14,41,15,6,0.49
shenzhen,2022-10-27,37,优,153,13,35,17,6,0.51
shenzhen,2022-10-28,45,优,200,22,47,18,7,0.58
shenzhen,2022-10-29,44,优,172,26,44,17,7,0.63
shenzhen,2022-10-30,36,优,104,19,36,14,7,0.58
shenzhen,2022-10-31,47,优,159,20,47,13,8,0.56
shenzhen,2022-11-01,38,优,123,16,38,12,6,0.53
shenzhen,2022-11-02,17,优,6,6,12,12,5,0.48
shenzhen,2022-11-03,16,优,9,5,10,17,5,0.58
shenzhen,2022-11-04,30,优,68,20,29,24,5,0.65
shenzhen,2022-11-05,18,优,7,8,17,18,5,0.64
shenzhen,2022-11-06,27,优,34,15,27,22,5,0.62
shenzhen,2022-11-07,16,优,1,9,15,23,5,0.66
shenzhen,2022-11-08,21,优,9,13,21,22,5,0.63
shenzhen,2022-11-09,34,优,57,20,34,27,6,0.61
shenzhen,2022-11-10,45,优,98,27,48,37,6,0.65
shenzhen,2022-11-11,35,优,65,17,33,27,6,0.59
shenzhen,2022-11-12,33,优,97,17,33,28,6,0.59
shenzhen,2022-11-13,49,优,237,29,50,30,6,0.69
shenzhen,2022-11-14,37,优,98,21,36,21,6,0.63
shenzhen,2022-11-15,45,优,123,24,47,26,6,0.73
shenzhen,2022-11-16,37,优,81,19,35,17,6,0.68
shenzhen,2022-11-17,32,优,73,16,32,23,6,0.7
shenzhen,2022-11-18,37,优,108,19,36,26,5,0.65
shenzhen,2022-11-19,41,优,105,22,43,32,6,0.69
shenzhen,2022-11-20,41,优,126,24,41,20,6,0.75
shenzhen,2022-11-21,37,优,83,19,37,22,6,0.7
shenzhen,2022-11-22,27,优,65,14,27,18,5,0.65
shenzhen,2022-11-23,17,优,21,8,16,22,5,0.7
shenzhen,2022-11-24,18,优,28,8,16,21,5,0.65
shenzhen,2022-11-25,19,优,19,9,18,23,5,0.65
shenzhen,2022-11-26,18,优,17,7,17,23,5,0.64
shenzhen,2022-11-27,34,优,79,16,33,14,5,0.63
shenzhen,2022-11-28,24,优,47,12,23,19,5,0.58
shenzhen,2022-11-29,20,优,25,7,19,21,5,0.55
shenzhen,2022-11-30,28,优,115,10,28,24,5,0.78
shenzhen,2022-12-01,17,优,54,5,17,18,5,0.54
shenzhen,2022-12-02,20,优,42,6,20,22,5,0.55
shenzhen,2022-12-03,35,优,104,14,35,28,5,0.63
shenzhen,2022-12-04,29,优,99,12,29,24,5,0.64
shenzhen,2022-12-05,22,优,47,8,22,21,5,0.69
shenzhen,2022-12-06,29,优,62,13,29,25,6,0.71
shenzhen,2022-12-07,31,优,52,14,31,25,5,0.63
shenzhen,2022-12-08,44,优,85,23,46,35,5,0.69
shenzhen,2022-12-09,47,优,95,27,48,30,5,0.65
shenzhen,2022-12-10,35,优,53,19,35,18,6,0.59
shenzhen,2022-12-11,49,优,106,31,51,19,6,0.64
shenzhen,2022-12-12,50,优,64,34,50,19,6,0.89
shenzhen,2022-12-13,55,良,68,38,57,24,6,0.79
shenzhen,2022-12-14,17,优,5,9,14,21,4,0.71
shenzhen,2022-12-15,19,优,10,12,19,27,4,0.66
shenzhen,2022-12-16,14,优,6,8,13,26,5,0.65
shenzhen,2022-12-17,37,优,87,23,36,15,5,0.63
shenzhen,2022-12-18,26,优,18,8,26,13,5,0.41
shenzhen,2022-12-19,37,优,45,14,38,28,5,0.48
shenzhen,2022-12-20,51,良,70,24,55,47,5,0.58
shenzhen,2022-12-21,46,优,79,24,49,41,6,0.53
shenzhen,2022-12-22,44,优,98,20,45,31,6,0.51
shenzhen,2022-12-23,49,优,131,23,51,29,6,0.48
shenzhen,2022-12-24,42,优,76,17,43,33,6,0.46
shenzhen,2022-12-25,42,优,59,20,43,29,6,0.46
shenzhen,2022-12-26,50,优,85,25,51,34,6,0.54
shenzhen,2022-12-27,52,良,98,29,55,35,6,0.58
shenzhen,2022-12-28,56,良,132,35,61,28,6,0.63
shenzhen,2022-12-29,83,良,222,61,87,28,7,0.78
shenzhen,2022-12-30,55,良,111,38,54,24,5,0.8
shenzhen,2022-12-31,43,优,68,27,43,24,5,0.86
shenzhen,2023-01-01,49,优,106,31,50,28,6,0.82
shenzhen,2023-01-02,50,优,113,32,51,25,6,0.76
shenzhen,2023-01-03,46,优,85,31,46,22,5,0.7
shenzhen,2023-01-04,48,优,76,32,49,26,5,0.73
shenzhen,2023-01-05,52,良,73,32,56,38,5,0.73
shenzhen,2023-01-06,41,优,39,24,42,30,5,0.63
shenzhen,2023-01-07,43,优,36,26,43,25,6,0.61
shenzhen,2023-01-08,48,优,40,23,49,27,7,0.58
shenzhen,2023-01-09,48,优,95,29,50,33,5,0.66
shenzhen,2023-01-10,14,优,5,8,14,23,4,0.66
shenzhen,2023-01-11,23,优,22,15,23,25,4,0.65
shenzhen,2023-01-12,21,优,14,11,21,17,4,0.55
shenzhen,2023-01-13,24,优,29,11,23,23,4,0.6
shenzhen,2023-01-14,17,优,14,9,16,22,4,0.58
shenzhen,2023-01-15,19,优,42,10,18,18,4,0.81
shenzhen,2023-01-16,16,优,16,7,14,9,4,0.59
shenzhen,2023-01-17,30,优,20,17,30,10,4,0.6
shenzhen,2023-01-18,34,优,22,20,34,10,5,0.6
shenzhen,2023-01-19,37,优,20,24,37,15,5,0.61
shenzhen,2023-01-20,40,优,57,26,40,13,5,0.63
shenzhen,2023-01-21,44,优,33,29,44,11,5,0.63
shenzhen,2023-01-22,55,良,47,39,48,12,6,0.63
shenzhen,2023-01-23,54,良,120,38,47,14,5,0.64
shenzhen,2023-01-24,40,优,102,25,41,6,5,0.64
shenzhen,2023-01-25,59,良,171,39,69,7,5,0.6
shenzhen,2023-01-26,51,良,58,34,53,13,5,0.65
shenzhen,2023-01-27,50,优,94,30,54,7,5,0.6
shenzhen,2023-01-28,57,良,144,27,64,7,5,0.51
shenzhen,2023-01-29,52,良,81,27,54,12,5,0.53
shenzhen,2023-01-30,44,优,36,26,45,22,5,0.6
shenzhen,2023-01-31,38,优,18,19,37,17,5,0.6
shenzhen,2023-02-01,41,优,39,16,41,16,5,0.6
shenzhen,2023-02-02,40,优,50,21,41,15,5,0.66
shenzhen,2023-02-03,42,优,60,22,42,14,5,0.61
shenzhen,2023-02-04,38,优,65,23,38,14,5,0.63
shenzhen,2023-02-05,46,优,84,31,46,20,5,0.74
shenzhen,2023-02-06,28,优,36,18,27,24,4,0.83
shenzhen,2023-02-07,27,优,38,15,27,29,5,0.75
shenzhen,2023-02-08,21,优,18,10,18,14,5,0.69
shenzhen,2023-02-09,25,优,37,12,23,20,5,0.64
shenzhen,2023-02-10,27,优,41,14,27,27,5,0.72
shenzhen,2023-02-11,20,优,8,10,17,12,5,0.76
shenzhen,2023-02-12,22,优,32,12,21,12,5,0.7
shenzhen,2023-02-13,21,优,40,10,21,21,5,0.63
shenzhen,2023-02-14,18,优,15,7,18,17,5,0.86
shenzhen,2023-02-15,29,优,27,14,29,15,5,0.73
shenzhen,2023-02-16,43,优,60,23,44,19,6,0.67
shenzhen,2023-02-17,50,优,70,24,53,27,6,0.62
shenzhen,2023-02-18,49,优,66,25,52,37,5,0.65
shenzhen,2023-02-19,51,良,116,25,54,28,6,0.65
shenzhen,2023-02-20,57,良,137,39,62,18,6,0.87
shenzhen,2023-02-21,61,良,203,39,71,17,6,0.73
shenzhen,2023-02-22,43,优,82,15,44,20,6,0.5
shenzhen,2023-02-23,47,优,84,23,50,28,6,0.55
shenzhen,2023-02-24,47,优,109,26,52,24,7,0.64
shenzhen,2023-02-25,49,优,126,30,51,16,5,0.75
shenzhen,2023-02-26,48,优,80,30,49,16,6,0.68
shenzhen,2023-02-27,45,优,51,18,46,21,6,0.55
shenzhen,2023-02-28,41,优,42,15,41,22,5,0.54
shenzhen,2023-03-01,72,良,180,38,77,48,6,0.71
shenzhen,2023-03-01,72,良,182,38,77,48,6,0.71
shenzhen,2023-03-02,69,良,164,49,85,39,7,0.76
shenzhen,2023-03-03,60,良,108,35,69,26,6,0.7
shenzhen,2023-03-04,57,良,100,32,65,28,6,0.7
shenzhen,2023-03-05,50,优,50,26,51,22,6,0.69
shenzhen,2023-03-06,50,优,41,21,51,22,6,0.55
shenzhen,2023-03-07,46,优,43,19,46,29,5,0.5
shenzhen,2023-03-08,49,优,71,22,51,38,5,0.58
shenzhen,2023-03-09,59,良,116,31,66,45,6,0.68
shenzhen,2023-03-10,49,优,58,25,46,19,6,0.6
shenzhen,2023-03-11,45,优,49,22,45,22,5,0.61
shenzhen,2023-03-12,52,良,110,27,56,29,5,0.7
shenzhen,2023-03-13,76,良,212,36,103,22,6,0.7
shenzhen,2023-03-14,62,良,130,27,73,19,5,0.61
shenzhen,2023-03-15,54,良,70,26,59,26,5,0.6
shenzhen,2023-03-16,51,良,109,27,54,25,5,0.63
shenzhen,2023-03-17,38,优,133,18,38,20,5,0.53
shenzhen,2023-03-18,47,优,156,28,47,24,5,0.6
shenzhen,2023-03-19,29,优,46,15,29,12,5,0.59
shenzhen,2023-03-20,33,优,69,16,31,15,5,0.6
shenzhen,2023-03-21,30,优,53,13,30,20,5,0.56
shenzhen,2023-03-22,27,优,25,14,27,17,5,0.53
shenzhen,2023-03-23,28,优,32,15,28,16,5,0.51
shenzhen,2023-03-24,33,优,97,21,33,14,5,0.54
shenzhen,2023-03-25,28,优,55,16,26,15,5,0.65
shenzhen,2023-03-26,15,优,13,7,13,18,5,0.81
shenzhen,2023-03-27,15,优,9,7,15,20,5,0.79
shenzhen,2023-03-28,31,优,45,16,31,26,5,0.81
shenzhen,2023-03-29,36,优,69,18,36,22,5,0.71
shenzhen,2023-03-30,38,优,72,22,38,23,5,0.73
shenzhen,2023-03-31,27,优,26,12,23,17,4,0.66
shenzhen,2023-04-01,29,优,20,15,27,15,5,0.63
shenzhen,2023-04-02,26,优,8,14,24,12,4,0.6
shenzhen,2023-04-03,30,优,54,16,29,13,5,0.57
shenzhen,2023-04-04,32,优,145,15,32,15,5,0.57
shenzhen,2023-04-05,28,优,58,14,28,16,5,0.55
shenzhen,2023-04-06,26,优,28,15,26,19,5,0.58
shenzhen,2023-04-07,24,优,9,10,20,16,5,0.71
shenzhen,2023-04-08,52,良,89,26,58,19,6,0.63
shenzhen,2023-04-09,61,良,105,36,72,27,6,0.66
shenzhen,2023-04-10,37,优,26,13,36,18,6,0.51
shenzhen,2023-04-11,38,优,29,14,38,17,5,0.56
shenzhen,2023-04-12,42,优,42,18,42,30,5,0.62
shenzhen,2023-04-13,48,优,66,23,49,13,5,0.6
shenzhen,2023-04-14,58,良,132,26,66,25,5,0.6
shenzhen,2023-04-15,52,良,81,25,57,30,6,0.75
shenzhen,2023-04-16,56,良,75,25,51,32,6,0.84
shenzhen,2023-04-17,39,优,22,24,39,14,5,0.75
shenzhen,2023-04-18,33,优,25,19,33,17,5,0.67
shenzhen,2023-04-19,31,优,38,17,28,26,5,0.76
shenzhen,2023-04-20,37,优,51,19,34,29,5,0.82
shenzhen,2023-04-21,29,优,30,8,22,14,5,0.7
shenzhen,2023-04-22,35,优,121,17,35,11,5,0.6
shenzhen,2023-04-23,46,优,235,22,46,11,5,0.6
shenzhen,2023-04-24,45,优,250,24,45,19,5,0.67
shenzhen,2023-04-25,34,优,110,19,34,29,5,0.86
shenzhen,2023-04-26,23,优,15,8,19,17,5,0.73
shenzhen,2023-04-27,36,优,39,17,34,16,6,0.69
shenzhen,2023-04-28,33,优,19,15,29,15,5,0.6
shenzhen,2023-04-29,32,优,43,17,32,22,5,0.64
shenzhen,2023-04-30,40,优,77,16,41,18,6,0.65
shenzhen,2023-05-01,42,优,60,18,40,11,6,0.65
shenzhen,2023-05-02,42,优,53,15,42,12,6,0.53
shenzhen,2023-05-03,32,优,40,14,32,11,5,0.52
shenzhen,2023-05-04,26,优,70,10,26,12,5,0.49
shenzhen,2023-05-05,22,优,16,8,22,14,5,0.5
shenzhen,2023-05-06,21,优,15,9,21,12,5,0.5
shenzhen,2023-05-07,25,优,52,11,22,19,5,0.6
shenzhen,2023-05-08,28,优,67,17,28,17,5,0.79
shenzhen,2023-05-09,33,优,85,14,28,15,5,0.67
shenzhen,2023-05-10,40,优,121,16,38,12,6,0.54
shenzhen,2023-05-11,41,优,113,18,39,17,6,0.56
shenzhen,2023-05-12,35,优,64,19,35,25,5,0.69
shenzhen,2023-05-13,30,优,32,17,30,26,5,0.8
shenzhen,2023-05-14,39,优,58,26,39,28,5,0.8
shenzhen,2023-05-15,42,优,70,25,37,22,5,0.73
shenzhen,2023-05-16,31,优,41,13,22,20,4,0.65
shenzhen,2023-05-17,19,优,1,6,15,17,4,0.6
shenzhen,2023-05-18,42,优,155,23,42,20,4,0.61
shenzhen,2023-05-19,45,优,150,27,45,20,4,0.64
shenzhen,2023-05-20,36,优,51,21,36,12,4,0.6
shenzhen,2023-05-21,22,优,3,11,22,11,4,0.57
shenzhen,2023-05-22,25,优,27,11,25,14,4,0.54
shenzhen,2023-05-23,30,优,40,13,30,14,4,0.62
shenzhen,2023-05-24,51,良,203,26,54,14,4,0.62
shenzhen,2023-05-25,41,优,95,21,44,11,4,0.58
shenzhen,2023-05-26,26,优,19,11,26,10,4,0.53
shenzhen,2023-05-27,28,优,68,14,28,10,4,0.59
shenzhen,2023-05-28,30,优,107,13,29,13,4,0.6
shenzhen,2023-05-29,45,优,234,20,43,24,5,0.64
shenzhen,2023-05-30,75,良,321,36,64,33,5,0.78
shenzhen,2023-05-31,62,良,294,38,64,33,5,0.79
shenzhen,2023-06-01,49,优,0,21,36,26,4,0.78
shenzhen,2023-06-02,45,优,0,22,37,21,4,0.75
shenzhen,2023-06-03,26,优,0,13,25,17,4,0.65
shenzhen,2023-06-04,17,优,0,7,16,8,4,0.53
shenzhen,2023-06-05,20,优,0,9,20,8,4,0.55
shenzhen,2023-06-06,16,优,0,5,15,13,4,0.58
shenzhen,2023-06-07,16,优,0,5,16,16,4,0.6
shenzhen,2023-06-08,14,优,0,3,13,13,4,0.57
shenzhen,2023-06-09,14,优,0,4,13,14,4,0.61
shenzhen,2023-06-10,21,优,0,9,19,17,5,0.63
shenzhen,2023-06-11,24,优,0,9,19,15,4,0.65
shenzhen,2023-06-12,22,优,0,8,16,11,5,0.64
shenzhen,2023-06-13,27,优,0,13,25,17,5,0.68
shenzhen,2023-06-14,25,优,0,14,23,21,5,0.74
shenzhen,2023-06-15,23,优,0,11,21,21,5,0.81
shenzhen,2023-06-16,17,优,0,6,13,22,4,0.72
shenzhen,2023-06-17,15,优,0,5,14,22,4,0.66
shenzhen,2023-06-18,16,优,0,6,16,16,4,0.64
shenzhen,2023-06-19,17,优,0,6,17,12,4,0.61
shenzhen,2023-06-20,20,优,0,8,20,12,4,0.59
shenzhen,2023-06-21,19,优,0,7,19,12,4,0.54
shenzhen,2023-06-22,18,优,0,7,18,9,4,0.51
shenzhen,2023-06-23,20,优,0,7,20,14,4,0.57
shenzhen,2023-06-24,19,优,0,8,19,15,4,0.62
shenzhen,2023-06-25,20,优,0,10,20,13,4,0.59
shenzhen,2023-06-26,16,优,0,5,14,14,4,0.62
shenzhen,2023-06-27,16,优,0,5,15,12,4,0.6
shenzhen,2023-06-28,13,优,0,4,13,13,4,0.64
shenzhen,2023-06-29,19,优,0,6,17,14,4,0.65
shenzhen,2023-06-30,19,优,0,9,18,16,4,0.65
shenzhen,2023-07-01,13,优,0,7,13,15,4,0.64
shenzhen,2023-07-02,13,优,0,5,13,18,4,0.69
shenzhen,2023-07-03,15,优,0,5,14,15,4,0.65
shenzhen,2023-07-04,17,优,0,6,17,19,4,0.63
shenzhen,2023-07-05,21,优,0,8,21,16,5,0.58
shenzhen,2023-07-06,17,优,0,6,17,12,5,0.53
shenzhen,2023-07-07,21,优,0,12,21,12,5,0.5
shenzhen,2023-07-08,18,优,0,9,18,14,5,0.51
shenzhen,2023-07-09,13,优,0,4,12,13,5,0.5
shenzhen,2023-07-10,15,优,0,4,14,15,5,0.52
shenzhen,2023-07-11,14,优,0,3,14,15,5,0.51
shenzhen,2023-07-12,13,优,0,3,13,14,5,0.52
shenzhen,2023-07-13,17,优,0,7,16,17,5,0.56
shenzhen,2023-07-14,25,优,0,10,23,21,5,0.6
shenzhen,2023-07-15,46,优,0,22,42,29,5,0.72
shenzhen,2023-07-16,22,优,0,10,22,13,5,0.67
shenzhen,2023-07-17,21,优,0,6,21,6,5,0.6
shenzhen,2023-07-18,27,优,0,11,27,9,5,0.61
shenzhen,2023-07-19,17,优,0,6,17,11,5,0.6
shenzhen,2023-07-20,15,优,0,5,15,13,5,0.6
shenzhen,2023-07-21,19,优,0,8,19,21,5,0.61
shenzhen,2023-07-22,16,优,0,5,16,18,5,0.6
shenzhen,2023-07-23,13,优,0,3,13,13,5,0.6
shenzhen,2023-07-24,15,优,0,4,14,15,5,0.6
shenzhen,2023-07-25,24,优,0,8,23,22,5,0.61
shenzhen,2023-07-26,46,优,0,23,46,28,5,0.71
shenzhen,2023-07-27,32,优,0,14,30,18,5,0.63
shenzhen,2023-07-28,29,优,0,12,28,21,5,0.66
shenzhen,2023-07-29,26,优,0,14,26,16,5,0.72
shenzhen,2023-07-30,19,优,0,8,19,13,5,0.68
shenzhen,2023-07-31,17,优,0,6,17,10,5,0.61
shenzhen,2023-08-01,21,优,0,9,21,14,5,0.61
shenzhen,2023-08-02,27,优,0,13,26,16,6,0.58
shenzhen,2023-08-03,27,优,0,11,25,23,5,0.6
shenzhen,2023-08-04,19,优,0,7,17,14,5,0.59
shenzhen,2023-08-05,24,优,0,9,24,13,5,0.58
shenzhen,2023-08-06,30,优,0,11,30,12,5,0.59
shenzhen,2023-08-07,26,优,0,10,26,17,5,0.6
shenzhen,2023-08-08,27,优,0,11,27,20,5,0.6
shenzhen,2023-08-09,27,优,0,11,27,19,5,0.61
shenzhen,2023-08-10,28,优,0,13,28,26,5,0.66
shenzhen,2023-08-11,29,优,0,16,28,27,5,0.7
shenzhen,2023-08-12,18,优,0,6,16,18,5,0.61
shenzhen,2023-08-13,21,优,0,9,21,16,5,0.65
shenzhen,2023-08-14,26,优,0,12,26,19,5,0.67
shenzhen,2023-08-15,29,优,0,13,29,17,5,0.63
shenzhen,2023-08-16,33,优,0,15,33,16,5,0.64
shenzhen,2023-08-17,36,优,0,18,36,23,5,0.68
shenzhen,2023-08-18,32,优,0,16,31,28,5,0.75
shenzhen,2023-08-19,33,优,0,17,31,28,5,0.78
shenzhen,2023-08-20,21,优,0,8,21,19,5,0.64
shenzhen,2023-08-21,18,优,0,6,17,15,5,0.6
shenzhen,2023-08-22,18,优,0,7,18,19,6,0.58
shenzhen,2023-08-23,22,优,0,8,22,17,6,0.58
shenzhen,2023-08-24,16,优,0,6,16,16,5,0.6
shenzhen,2023-08-25,22,优,0,9,22,21,5,0.63
shenzhen,2023-08-26,23,优,0,10,23,21,5,0.65
shenzhen,2023-08-27,18,优,0,7,18,14,5,0.6
shenzhen,2023-08-28,19,优,0,8,18,17,5,0.61
shenzhen,2023-08-29,24,优,0,12,23,22,5,0.68
shenzhen,2023-08-30,25,优,0,14,24,15,5,0.78
shenzhen,2023-08-31,22,优,0,10,21,13,5,0.73
shenzhen,2023-09-01,17,优,0,8,15,8,5,0.64
shenzhen,2023-09-02,22,优,0,5,11,6,5,0.6
shenzhen,2023-09-03,23,优,0,11,21,16,5,0.63
shenzhen,2023-09-04,40,优,0,23,40,24,6,0.73
shenzhen,2023-09-05,37,优,0,21,37,24,6,0.7
shenzhen,2023-09-06,35,优,0,20,35,27,6,0.7
shenzhen,2023-09-07,22,优,0,12,21,27,5,0.68
shenzhen,2023-09-08,17,优,0,5,11,16,5,0.6
shenzhen,2023-09-09,17,优,0,7,14,15,5,0.6
shenzhen,2023-09-10,16,优,0,5,12,15,5,0.53
shenzhen,2023-09-11,12,优,0,4,11,15,5,0.55
shenzhen,2023-09-12,12,优,0,4,12,15,5,0.51
shenzhen,2023-09-13,13,优,0,4,13,14,5,0.5
shenzhen,2023-09-14,12,优,0,5,12,18,5,0.55
shenzhen,2023-09-15,14,优,0,5,14,18,4,0.58
shenzhen,2023-09-16,15,优,0,5,14,16,5,0.59
shenzhen,2023-09-17,19,优,0,8,19,16,5,0.61
shenzhen,2023-09-18,19,优,0,8,18,18,5,0.6
shenzhen,2023-09-19,20,优,0,9,20,20,5,0.61
shenzhen,2023-09-20,20,优,0,9,20,22,5,0.57
shenzhen,2023-09-21,34,优,0,16,33,29,5,0.62
shenzhen,2023-09-22,34,优,0,19,34,27,5,0.67
shenzhen,2023-09-23,27,优,0,12,25,18,5,0.64
shenzhen,2023-09-24,21,优,0,7,20,13,5,0.59
shenzhen,2023-09-25,24,优,0,9,24,12,5,0.58
shenzhen,2023-09-26,23,优,0,9,21,13,6,0.6
shenzhen,2023-09-27,29,优,0,14,28,13,5,0.59
shenzhen,2023-09-28,26,优,0,13,26,13,5,0.59
shenzhen,2023-09-29,22,优,0,9,20,11,5,0.6
shenzhen,2023-09-30,28,优,0,16,28,15,5,0.63
shenzhen,2023-10-01,31,优,0,15,27,15,5,0.7
shenzhen,2023-10-02,31,优,0,12,27,8,5,0.71
shenzhen,2023-10-03,40,优,0,19,40,14,5,0.7
shenzhen,2023-10-04,47,优,0,27,48,19,6,0.81
shenzhen,2023-10-05,30,优,0,15,29,12,6,0.72
shenzhen,2023-10-06,31,优,0,13,30,12,6,0.64
shenzhen,2023-10-07,16,优,0,5,12,12,6,0.62
shenzhen,2023-10-08,11,优,0,2,8,12,5,0.66
shenzhen,2023-10-09,12,优,0,5,11,15,5,0.73
shenzhen,2023-10-10,16,优,21,7,16,15,5,0.71
shenzhen,2023-10-11,21,优,34,8,21,15,6,0.7
shenzhen,2023-10-12,26,优,60,13,26,16,6,0.72
shenzhen,2023-10-13,29,优,66,13,28,16,6,0.7
shenzhen,2023-10-14,40,优,124,21,39,20,6,0.72
shenzhen,2023-10-15,50,优,182,31,51,20,6,0.8
shenzhen,2023-10-16,48,优,155,31,48,18,7,0.78
shenzhen,2023-10-17,44,优,96,23,44,19,7,0.65
shenzhen,2023-10-18,48,优,152,27,48,23,6,0.72
shenzhen,2023-10-19,37,优,160,22,37,20,6,0.73
shenzhen,2023-10-20,32,优,200,18,32,20,5,0.76
shenzhen,2023-11-01,40,优,86,16,38,21,4,0.51
shenzhen,2023-11-02,37,优,61,15,37,21,4,0.53
shenzhen,2023-11-03,38,优,96,18,36,24,4,0.57
shenzhen,2023-11-04,32,优,56,15,29,17,4,0.57
shenzhen,2023-11-05,29,优,48,13,27,20,3,0.58
shenzhen,2023-11-06,42,优,187,20,43,27,4,0.63
shenzhen,2023-11-07,43,优,142,18,45,22,4,0.64
shenzhen,2023-11-08,42,优,118,18,42,13,4,0.66
shenzhen,2023-11-09,40,优,113,17,40,15,4,0.65
shenzhen,2023-11-10,35,优,167,16,35,17,3,0.61
shenzhen,2023-11-11,28,优,105,12,27,12,3,0.6
shenzhen,2023-11-12,21,优,60,7,20,14,3,0.7
shenzhen,2023-11-13,24,优,65,9,24,14,3,0.67
shenzhen,2023-11-14,37,优,119,19,37,21,3,0.75
shenzhen,2023-11-15,36,优,82,18,34,22,3,0.71
shenzhen,2023-11-16,39,优,101,19,41,29,4,0.75
shenzhen,2023-11-17,56,良,190,18,64,18,3,0.59
shenzhen,2023-11-18,65,良,236,25,80,27,3,0.54
shenzhen,2023-11-19,64,良,199,30,79,39,4,0.65
shenzhen,2023-11-20,65,良,168,32,79,44,4,0.74
shenzhen,2023-11-21,55,良,107,29,61,42,4,0.7
shenzhen,2023-11-22,50,优,98,23,52,41,4,0.67
shenzhen,2023-11-23,69,良,187,37,70,47,4,0.72
shenzhen,2023-11-24,59,良,204,37,67,35,5,0.73
shenzhen,2023-11-25,57,良,192,29,65,21,4,0.63
shenzhen,2023-11-26,52,良,107,25,56,29,4,0.59
shenzhen,2023-11-27,63,良,136,42,75,46,4,0.76
shenzhen,2023-11-28,55,良,131,34,60,26,5,0.67
shenzhen,2023-11-29,56,良,154,28,62,26,4,0.62
shenzhen,2023-11-30,59,良,255,35,67,35,5,0.7
shenzhen,2023-12-01,49,优,174,28,51,19,4,0.77
shenzhen,2023-12-02,52,良,147,31,56,27,4,0.79
shenzhen,2023-12-03,51,良,115,28,53,27,5,0.76
shenzhen,2023-12-04,57,良,135,36,65,36,5,0.8
shenzhen,2023-12-05,47,优,97,27,50,39,5,0.78
shenzhen,2023-12-06,45,优,93,25,47,38,4,0.75
shenzhen,2023-12-07,35,优,49,14,35,31,5,0.58
shenzhen,2023-12-08,53,良,95,24,57,43,5,0.67
shenzhen,2023-12-09,51,良,117,26,54,30,4,0.66
shenzhen,2023-12-10,37,优,95,17,35,20,4,0.61
shenzhen,2023-12-11,24,优,70,9,23,29,4,0.61
shenzhen,2023-12-12,48,优,164,24,50,35,4,0.72
shenzhen,2023-12-13,39,优,88,19,39,21,4,0.67
shenzhen,2023-12-14,38,优,112,20,38,23,4,0.63
shenzhen,2023-12-15,27,优,60,12,26,20,4,0.55
shenzhen,2023-12-16,25,优,66,7,25,15,4,0.69
shenzhen,2023-12-17,35,优,137,17,35,16,4,0.74
shenzhen,2023-12-18,49,优,187,29,55,34,4,0.73
shenzhen,2023-12-19,33,优,86,16,34,24,4,0.63
shenzhen,2023-12-20,31,优,89,15,31,16,4,0.57
shenzhen,2023-12-21,33,优,77,16,33,15,4,0.58
shenzhen,2023-12-22,54,良,155,29,59,20,5,0.53
shenzhen,2023-12-23,48,优,76,27,49,23,5,0.53
shenzhen,2023-12-24,44,优,61,26,44,24,5,0.55
shenzhen,2023-12-25,48,优,60,26,51,33,5,0.55
shenzhen,2023-12-26,63,良,102,38,76,57,5,0.62
shenzhen,2023-12-27,65,良,105,40,80,70,6,0.65
shenzhen,2023-12-28,66,良,78,44,82,64,6,0.65
shenzhen,2023-12-29,56,良,60,36,64,43,5,0.6
shenzhen,2023-12-30,58,良,73,36,66,50,5,0.6
shenzhen,2023-12-31,65,良,114,46,73,47,5,0.7
hangzhou,2022-01-01,86,良,207,62,111,60,7,0.9
hangzhou,2022-01-02,122,轻度污染,280,92,144,59,9,1.11
hangzhou,2022-01-03,158,中度污染,301,120,182,80,8,1.31
hangzhou,2022-01-04,151,中度污染,279,114,181,82,7,1.2
hangzhou,2022-01-05,80,良,190,59,96,55,6,0.88
hangzhou,2022-01-06,34,优,53,19,35,35,5,0.66
hangzhou,2022-01-07,67,良,153,46,78,50,8,0.71
hangzhou,2022-01-08,64,良,137,43,77,64,7,0.67
hangzhou,2022-01-09,77,良,157,56,81,56,5,0.79
hangzhou,2022-01-10,92,良,231,68,99,52,6,0.97
hangzhou,2022-01-11,84,良,236,61,81,35,6,0.92
hangzhou,2022-01-12,75,良,183,54,85,55,6,0.83
hangzhou,2022-01-13,120,轻度污染,286,90,129,47,5,1.0
hangzhou,2022-01-14,89,良,241,65,92,50,6,0.92
hangzhou,2022-01-15,96,良,205,71,97,52,5,1.0
hangzhou,2022-01-16,131,轻度污染,278,99,148,60,8,1.15
hangzhou,2022-01-17,87,良,234,64,99,40,6,0.85
hangzhou,2022-01-18,65,良,160,41,79,42,5,0.65
hangzhou,2022-01-19,86,良,198,63,108,48,6,0.82
hangzhou,2022-01-20,78,良,197,56,91,40,5,0.72
hangzhou,2022-01-21,35,优,62,17,35,27,5,0.48
hangzhou,2022-01-22,36,优,92,23,36,42,5,0.59
hangzhou,2022-01-23,21,优,28,11,16,38,5,0.78
hangzhou,2022-01-24,52,良,143,37,49,24,4,0.9
hangzhou,2022-01-25,123,轻度污染,249,93,123,35,5,1.25
hangzhou,2022-01-26,76,良,218,56,74,41,5,1.07
hangzhou,2022-01-27,27,优,65,17,21,22,5,0.87
hangzhou,2022-01-28,26,优,83,18,22,18,5,0.61
hangzhou,2022-01-29,29,优,97,18,22,17,5,0.62
hangzhou,2022-01-30,49,优,151,34,40,15,5,0.73
hangzhou,2022-01-31,74,良,209,54,65,15,5,0.78
hangzhou,2022-02-01,166,中度污染,322,125,153,17,6,0.99
hangzhou,2022-02-02,37,优,117,26,36,12,5,0.63
hangzhou,2022-02-03,28,优,79,19,22,13,5,0.59
hangzhou,2022-02-04,29,优,83,20,25,13,5,0.55
hangzhou,2022-02-05,65,良,280,48,60,15,5,0.73
hangzhou,2022-02-06,35,优,110,22,32,15,6,0.59
hangzhou,2022-02-07,20,优,19,11,15,20,5,0.53
hangzhou,2022-02-08,29,优,96,20,25,22,5,0.7
hangzhou,2022-02-09,35,优,112,24,31,28,5,0.63
hangzhou,2022-02-10,39,优,113,27,35,26,5,0.59
hangzhou,2022-02-11,40,优,106,28,39,31,5,0.65
hangzhou,2022-02-12,46,优,119,32,46,28,4,0.65
hangzhou,2022-02-13,73,良,218,53,86,37,5,0.81
hangzhou,2022-02-14,72,良,227,53,76,31,5,0.87
hangzhou,2022-02-15,90,良,282,67,98,37,5,0.82
hangzhou,2022-02-16,58,良,180,41,60,26,5,0.6
hangzhou,2022-02-17,34,优,121,23,32,29,5,0.58
hangzhou,2022-02-18,32,优,137,22,27,40,5,0.6
hangzhou,2022-02-19,43,优,206,30,37,22,5,0.58
hangzhou,2022-02-20,47,优,196,31,45,27,7,0.66
hangzhou,2022-02-21,55,良,246,35,61,45,6,0.63
hangzhou,2022-02-22,69,良,281,50,80,47,7,0.68
hangzhou,2022-02-23,66,良,262,47,65,39,5,0.62
hangzhou,2022-02-24,68,良,222,49,73,43,6,0.63
hangzhou,2022-02-25,62,良,166,43,70,52,6,0.64
hangzhou,2022-02-26,62,良,169,41,73,49,6,0.68
hangzhou,2022-02-27,100,良,310,74,132,50,7,0.83
hangzhou,2022-02-28,82,良,198,58,107,53,7,0.84
hangzhou,2022-03-01,88,良,248,65,107,39,6,0.86
hangzhou,2022-03-02,128,轻度污染,325,97,150,40,6,0.93
hangzhou,2022-03-03,92,良,250,67,125,56,6,0.89
hangzhou,2022-03-04,55,良,87,36,62,48,5,0.79
hangzhou,2022-03-05,71,良,194,35,91,43,7,0.7
hangzhou,2022-03-06,49,优,119,10,51,27,5,0.41
hangzhou,2022-03-07,36,优,61,19,36,29,5,0.5
hangzhou,2022-03-08,48,优,85,25,55,40,5,0.61
hangzhou,2022-03-09,69,良,176,39,88,56,6,0.66
hangzhou,2022-03-10,62,良,135,30,75,55,6,0.68
hangzhou,2022-03-11,64,良,158,34,78,52,6,0.69
hangzhou,2022-03-12,64,良,171,37,79,53,6,0.66
hangzhou,2022-03-13,53,良,116,28,59,37,5,0.63
hangzhou,2022-03-14,83,良,209,57,111,45,6,0.92
hangzhou,2022-03-15,71,良,188,41,90,39,6,0.85
hangzhou,2022-03-16,71,良,203,47,89,58,6,0.88
hangzhou,2022-03-17,35,优,148,17,36,38,4,0.65
hangzhou,2022-03-18,25,优,30,11,22,24,4,0.55
hangzhou,2022-03-19,64,良,241,44,71,40,4,0.76
hangzhou,2022-03-20,28,优,44,17,26,26,4,0.6
hangzhou,2022-03-21,21,优,58,4,7,22,4,0.59
hangzhou,2022-03-22,25,优,83,12,18,26,4,0.58
hangzhou,2022-03-23,44,优,177,28,44,33,4,0.64
hangzhou,2022-03-24,41,优,152,23,39,36,5,0.66
hangzhou,2022-03-25,24,优,41,11,23,32,4,0.65
hangzhou,2022-03-26,34,优,81,22,33,22,4,0.76
hangzhou,2022-03-27,63,良,241,42,75,40,6,0.79
hangzhou,2022-03-28,59,良,218,29,67,31,5,0.56
hangzhou,2022-03-29,57,良,211,31,64,40,6,0.59
hangzhou,2022-03-30,61,良,225,35,72,47,6,0.77
hangzhou,2022-03-31,54,良,267,36,60,30,5,0.71
hangzhou,2022-04-01,40,优,183,24,40,27,6,0.65
hangzhou,2022-04-02,65,良,305,46,77,43,6,0.65
hangzhou,2022-04-03,54,良,200,34,59,39,6,0.54
hangzhou,2022-04-04,54,良,145,31,59,36,7,0.51
hangzhou,2022-04-05,70,良,251,44,89,60,7,0.69
hangzhou,2022-04-06,66,良,235,40,82,52,6,0.72
hangzhou,2022-04-07,76,良,272,41,90,54,7,0.66
hangzhou,2022-04-08,80,良,241,43,95,53,7,0.67
hangzhou,2022-04-09,66,良,192,32,76,41,7,0.54
hangzhou,2022-04-10,64,良,172,34,78,41,6,0.59
hangzhou,2022-04-11,73,良,217,39,83,45,7,0.7
hangzhou,2022-04-12,72,良,250,45,90,50,7,0.71
hangzhou,2022-04-13,39,优,141,21,46,27,5,0.64
hangzhou,2022-04-14,32,优,79,16,30,19,5,0.57
hangzhou,2022-04-15,30,优,77,16,29,23,5,0.57
hangzhou,2022-04-16,62,良,305,42,72,31,6,0.62
hangzhou,2022-04-17,66,良,266,44,71,35,6,0.6
hangzhou,2022-04-18,64,良,222,44,77,45,7,0.69
hangzhou,2022-04-19,65,良,224,42,77,45,6,0.75
hangzhou,2022-04-20,72,良,242,46,91,43,8,0.75
hangzhou,2022-04-21,54,良,121,34,58,26,5,0.68
hangzhou,2022-04-22,55,良,197,31,61,40,6,0.76
hangzhou,2022-04-23,38,优,111,23,38,27,5,0.63
hangzhou,2022-04-24,42,优,142,25,42,24,5,0.58
hangzhou,2022-04-25,45,优,183,27,50,31,5,0.69
hangzhou,2022-04-26,30,优,70,15,29,23,5,0.7
hangzhou,2022-04-27,36,优,96,13,33,22,5,0.55
hangzhou,2022-04-28,80,良,318,26,110,29,6,0.55
hangzhou,2022-04-29,39,优,138,19,37,23,5,0.61
hangzhou,2022-04-30,51,良,244,30,55,30,5,0.64
hangzhou,2022-05-01,63,良,307,44,67,31,5,0.84
hangzhou,2022-05-02,52,良,230,32,52,35,5,0.74
hangzhou,2022-05-03,56,良,228,27,55,38,6,0.63
hangzhou,2022-05-04,62,良,243,29,58,37,7,0.6
hangzhou,2022-05-05,68,良,253,32,64,40,6,0.58
hangzhou,2022-05-06,64,良,228,29,58,35,6,0.61
hangzhou,2022-05-07,51,良,175,25,54,38,6,0.57
hangzhou,2022-05-08,43,优,155,22,45,18,5,0.47
hangzhou,2022-05-09,31,优,67,12,30,30,7,0.47
hangzhou,2022-05-10,55,良,261,33,61,42,7,0.58
hangzhou,2022-05-11,44,优,204,28,45,31,5,0.54
hangzhou,2022-05-12,29,优,122,19,29,31,5,0.55
hangzhou,2022-05-13,26,优,87,12,19,27,5,0.66
hangzhou,2022-05-14,40,优,204,20,34,30,6,0.64
hangzhou,2022-05-15,34,优,151,14,27,25,5,0.47
hangzhou,2022-05-16,40,优,174,17,37,24,6,0.52
hangzhou,2022-05-17,58,良,252,30,55,32,6,0.63
hangzhou,2022-05-18,56,良,222,32,59,37,7,0.62
hangzhou,2022-05-19,64,良,276,41,78,48,8,0.65
hangzhou,2022-05-20,49,优,175,33,54,37,5,0.67
hangzhou,2022-05-21,48,优,160,26,44,29,6,0.6
hangzhou,2022-05-22,55,良,223,30,52,34,7,0.6
hangzhou,2022-05-23,41,优,152,21,38,24,6,0.54
hangzhou,2022-05-24,40,优,159,22,39,22,6,0.55
hangzhou,2022-05-25,62,良,267,33,53,25,6,0.61
hangzhou,2022-05-26,60,良,315,35,54,32,6,0.64
hangzhou,2022-05-27,69,良,307,35,57,31,6,0.68
hangzhou,2022-05-28,38,优,156,20,35,26,6,0.61
hangzhou,2022-05-29,21,优,33,11,21,29,5,0.8
hangzhou,2022-05-30,35,优,148,22,37,25,5,0.83
hangzhou,2022-05-31,46,优,194,20,37,21,6,0.63
hangzhou,2022-06-01,26,优,64,13,24,22,5,0.75
hangzhou,2022-06-02,41,优,177,23,39,20,5,0.73
hangzhou,2022-06-03,41,优,197,24,42,24,5,0.7
hangzhou,2022-06-04,29,优,142,15,28,21,5,0.71
hangzhou,2022-06-05,25,优,64,13,24,22,5,0.75
hangzhou,2022-06-06,45,优,204,21,38,20,5,0.69
hangzhou,2022-06-07,65,良,286,27,51,22,5,0.7
hangzhou,2022-06-08,72,良,300,33,58,25,6,0.63
hangzhou,2022-06-09,67,良,276,38,66,29,6,0.72
hangzhou,2022-06-10,30,优,122,11,24,20,5,0.49
hangzhou,2022-06-11,29,优,104,13,24,19,5,0.46
hangzhou,2022-06-12,35,优,182,20,35,29,5,0.58
hangzhou,2022-06-13,24,优,67,13,22,25,5,0.61
hangzhou,2022-06-14,45,优,232,21,40,27,5,0.7
hangzhou,2022-06-15,65,良,280,33,55,28,5,0.74
hangzhou,2022-06-16,58,良,257,36,62,31,6,0.76
hangzhou,2022-06-17,67,良,282,36,64,28,6,0.74
hangzhou,2022-06-18,65,良,272,31,54,26,6,0.69
hangzhou,2022-06-19,19,优,44,7,18,16,5,0.6
hangzhou,2022-06-20,22,优,70,8,18,17,5,0.65
hangzhou,2022-06-21,25,优,88,11,24,19,5,0.65
hangzhou,2022-06-22,25,优,93,11,24,15,6,0.61
hangzhou,2022-06-23,22,优,60,9,22,13,6,0.51
hangzhou,2022-06-24,30,优,157,11,30,21,6,0.55
hangzhou,2022-06-25,31,优,146,15,31,24,6,0.7
hangzhou,2022-06-26,43,优,255,23,41,20,6,0.67
hangzhou,2022-06-27,33,优,221,16,31,15,6,0.55
hangzhou,2022-06-28,34,优,223,16,32,18,6,0.55
hangzhou,2022-06-29,35,优,177,18,34,18,6,0.55
hangzhou,2022-06-30,19,优,34,7,17,14,5,0.5
hangzhou,2022-07-01,21,优,51,7,18,15,6,0.5
hangzhou,2022-07-02,25,优,115,9,23,12,6,0.48
hangzhou,2022-07-03,39,优,263,15,34,18,7,0.53
hangzhou,2022-07-04,49,优,302,23,44,20,6,0.58
hangzhou,2022-07-05,40,优,262,19,38,24,6,0.61
hangzhou,2022-07-06,26,优,132,9,22,14,6,0.55
hangzhou,2022-07-07,26,优,91,10,20,14,5,0.52
hangzhou,2022-07-08,27,优,100,10,23,20,5,0.53
hangzhou,2022-07-09,29,优,112,11,26,20,5,0.55
hangzhou,2022-07-10,30,优,126,14,26,18,6,0.58
hangzhou,2022-07-11,41,优,240,21,40,19,6,0.58
hangzhou,2022-07-12,46,优,289,25,43,20,6,0.63
hangzhou,2022-07-13,39,优,225,23,38,18,6,0.61
hangzhou,2022-07-14,39,优,193,20,36,21,6,0.59
hangzhou,2022-07-15,43,优,215,25,42,20,6,0.65
hangzhou,2022-07-16,52,良,293,33,54,20,6,0.71
hangzhou,2022-07-17,45,优,290,26,47,20,6,0.68
hangzhou,2022-07-18,25,优,87,12,24,14,5,0.65
hangzhou,2022-07-19,29,优,147,17,26,20,5,0.75
hangzhou,2022-07-20,23,优,78,12,22,14,5,0.6
hangzhou,2022-07-21,24,优,72,12,23,16,5,0.53
hangzhou,2022-07-22,35,优,202,18,33,24,5,0.63
hangzhou,2022-07-23,37,优,224,20,37,19,5,0.6
hangzhou,2022-07-24,42,优,206,19,35,16,6,0.71
hangzhou,2022-07-25,50,优,265,22,39,18,5,0.68
hangzhou,2022-07-26,30,优,74,14,28,19,5,0.63
hangzhou,2022-07-27,60,良,324,24,44,23,6,0.65
hangzhou,2022-07-28,52,良,301,21,36,19,5,0.6
hangzhou,2022-07-29,42,优,229,19,37,21,6,0.55
hangzhou,2022-07-30,29,优,91,12,27,15,6,0.47
hangzhou,2022-07-31,36,优,149,20,34,18,6,0.58
hangzhou,2022-08-01,42,优,186,24,40,19,6,0.72
hangzhou,2022-08-02,65,良,331,31,50,18,6,0.68
hangzhou,2022-08-03,38,优,146,20,33,15,6,0.6
hangzhou,2022-08-04,29,优,112,10,22,13,5,0.55
hangzhou,2022-08-05,35,优,187,15,28,19,6,0.56
hangzhou,2022-08-06,38,优,228,20,36,20,6,0.62
hangzhou,2022-08-07,31,优,159,10,23,16,6,0.55
hangzhou,2022-08-08,29,优,151,9,22,15,6,0.48
hangzhou,2022-08-09,33,优,215,13,27,16,6,0.5
hangzhou,2022-08-10,43,优,290,16,32,18,6,0.55
hangzhou,2022-08-11,49,优,275,21,39,21,6,0.65
hangzhou,2022-08-12,48,优,255,24,45,24,6,0.67
hangzhou,2022-08-13,57,良,312,28,48,24,6,0.68
hangzhou,2022-08-14,65,良,320,30,52,24,6,0.71
hangzhou,2022-08-15,44,优,277,23,41,21,6,0.66
hangzhou,2022-08-16,40,优,216,21,38,19,7,0.65
hangzhou,2022-08-17,51,良,296,18,34,19,6,0.65
hangzhou,2022-08-18,53,良,297,21,39,21,6,0.65
hangzhou,2022-08-19,42,优,247,20,36,22,6,0.61
hangzhou,2022-08-20,39,优,217,21,37,20,6,0.64
hangzhou,2022-08-21,54,良,303,26,44,19,6,0.73
hangzhou,2022-08-22,45,优,294,22,39,19,6,0.69
hangzhou,2022-08-23,59,良,329,23,47,21,6,0.72
hangzhou,2022-08-24,43,优,267,23,45,14,5,0.7
hangzhou,2022-08-25,46,优,277,19,40,16,6,0.61
hangzhou,2022-08-26,29,优,159,15,26,18,5,0.62
hangzhou,2022-08-27,27,优,145,14,26,22,5,0.63
hangzhou,2022-08-28,34,优,240,17,34,20,6,0.61
hangzhou,2022-08-29,55,良,329,26,50,23,6,0.73
hangzhou,2022-08-30,51,良,305,32,54,23,6,0.8
hangzhou,2022-08-31,27,优,112,13,24,17,5,0.7
hangzhou,2022-09-01,43,优,257,20,33,19,6,0.7
hangzhou,2022-09-02,32,优,113,17,32,21,6,0.64
hangzhou,2022-09-03,21,优,27,11,21,20,5,0.62
hangzhou,2022-09-04,15,优,6,8,14,15,5,0.59
hangzhou,2022-09-05,26,优,59,9,17,15,5,0.5
hangzhou,2022-09-06,63,良,271,31,54,30,6,0.69
hangzhou,2022-09-07,82,良,327,45,76,36,6,0.78
hangzhou,2022-09-08,98,良,336,69,107,29,6,1.0
hangzhou,2022-09-09,51,良,180,17,35,23,7,0.51
hangzhou,2022-09-10,45,优,143,17,34,20,6,0.5
hangzhou,2022-09-11,44,优,126,22,39,20,6,0.5
hangzhou,2022-09-12,52,良,182,26,47,24,6,0.64
hangzhou,2022-09-13,23,优,46,13,23,21,5,0.57
hangzhou,2022-09-14,15,优,7,8,12,12,5,0.56
hangzhou,2022-09-15,16,优,13,6,10,13,5,0.53
hangzhou,2022-09-16,30,优,82,14,28,24,6,0.57
hangzhou,2022-09-17,50,优,172,24,45,28,6,0.64
hangzhou,2022-09-18,47,优,166,26,44,21,6,0.71
hangzhou,2022-09-19,44,优,165,20,40,19,7,0.61
hangzhou,2022-09-20,42,优,193,13,42,20,7,0.52
hangzhou,2022-09-21,45,优,185,16,46,23,6,0.47
hangzhou,2022-09-22,53,良,238,27,57,29,6,0.54
hangzhou,2022-09-23,68,良,307,32,64,32,8,0.68
hangzhou,2022-09-24,40,优,132,11,39,21,6,0.43
hangzhou,2022-09-25,45,优,144,18,41,27,6,0.5
hangzhou,2022-09-26,49,优,161,23,48,28,7,0.55
hangzhou,2022-09-27,44,优,140,19,39,24,6,0.53
hangzhou,2022-09-28,42,优,147,21,43,40,6,0.55
hangzhou,2022-09-29,38,优,117,22,38,38,5,0.65
hangzhou,2022-09-30,58,良,214,28,49,32,6,0.69
hangzhou,2022-10-01,57,良,255,29,50,24,6,0.66
hangzhou,2022-10-02,43,优,218,22,40,24,6,0.57
hangzhou,2022-10-03,46,优,265,26,45,25,6,0.59
hangzhou,2022-10-04,37,优,257,21,40,21,5,0.69
hangzhou,2022-10-05,29,优,198,9,29,20,6,0.53
hangzhou,2022-10-06,18,优,61,9,17,22,5,0.49
hangzhou,2022-10-07,20,优,70,9,13,22,5,0.59
hangzhou,2022-10-08,26,优,83,16,26,35,5,0.62
hangzhou,2022-10-09,24,优,85,12,19,21,5,0.58
hangzhou,2022-10-10,30,优,126,7,30,20,7,0.43
hangzhou,2022-10-11,45,优,207,21,47,38,7,0.56
hangzhou,2022-10-12,44,优,147,21,44,39,6,0.55
hangzhou,2022-10-13,41,优,92,19,41,37,6,0.53
hangzhou,2022-10-14,45,优,98,22,45,34,6,0.57
hangzhou,2022-10-15,48,优,103,24,49,31,7,0.63
hangzhou,2022-10-16,54,良,183,32,56,33,7,0.73
hangzhou,2022-10-17,46,优,165,26,50,22,7,0.65
hangzhou,2022-10-18,34,优,63,9,34,30,7,0.53
hangzhou,2022-10-19,43,优,110,19,42,36,7,0.55
hangzhou,2022-10-20,45,优,100,23,45,34,6,0.54
hangzhou,2022-10-21,49,优,109,27,51,36,7,0.59
hangzhou,2022-10-22,70,良,217,42,73,36,7,0.7
hangzhou,2022-10-23,65,良,194,45,75,28,7,0.85
hangzhou,2022-10-24,38,优,65,14,39,32,7,0.58
hangzhou,2022-10-25,38,优,80,15,38,28,7,0.53
hangzhou,2022-10-26,48,优,165,23,52,39,7,0.6
hangzhou,2022-10-27,34,优,132,18,36,39,6,0.6
hangzhou,2022-10-28,32,优,116,15,32,33,6,0.6
hangzhou,2022-10-29,41,优,150,19,42,32,6,0.6
hangzhou,2022-10-30,47,优,170,24,49,36,7,0.6
hangzhou,2022-10-31,35,优,88,14,35,37,7,0.56
hangzhou,2022-11-01,42,优,157,18,42,36,7,0.61
hangzhou,2022-11-02,60,良,241,38,70,33,7,0.69
hangzhou,2022-11-03,56,良,221,31,62,35,7,0.64
hangzhou,2022-11-04,34,优,97,14,34,29,6,0.51
hangzhou,2022-11-05,45,优,134,20,46,31,6,0.54
hangzhou,2022-11-06,56,良,156,33,62,43,7,0.62
hangzhou,2022-11-07,58,良,172,37,65,46,7,0.72
hangzhou,2022-11-08,58,良,165,37,68,47,7,0.68
hangzhou,2022-11-09,53,良,143,29,57,51,6,0.66
hangzhou,2022-11-10,60,良,160,39,71,45,7,0.73
hangzhou,2022-11-11,52,良,160,32,57,36,6,0.58
hangzhou,2022-11-12,49,优,231,29,51,32,6,0.65
hangzhou,2022-11-13,29,优,101,16,29,26,6,0.71
hangzhou,2022-11-14,55,良,218,31,61,34,6,0.63
hangzhou,2022-11-15,44,优,120,27,45,35,6,0.77
hangzhou,2022-11-16,67,良,222,45,77,48,7,0.94
hangzhou,2022-11-17,26,优,36,17,26,38,6,0.73
hangzhou,2022-11-18,26,优,31,16,26,41,6,0.73
hangzhou,2022-11-19,31,优,47,19,31,42,6,0.76
hangzhou,2022-11-20,35,优,82,22,34,32,6,0.72
hangzhou,2022-11-21,52,良,163,34,57,41,6,0.76
hangzhou,2022-11-22,49,优,216,34,53,36,6,0.83
hangzhou,2022-11-23,28,优,85,13,26,30,6,0.58
hangzhou,2022-11-24,45,优,155,24,46,43,6,0.64
hangzhou,2022-11-25,51,良,156,30,54,49,6,0.76
hangzhou,2022-11-26,60,良,210,39,69,42,7,0.88
hangzhou,2022-11-27,48,优,166,28,50,39,6,0.8
hangzhou,2022-11-28,38,优,126,22,38,42,6,0.87
hangzhou,2022-11-29,17,优,9,8,13,28,5,0.88
hangzhou,2022-11-30,20,优,61,10,19,22,5,0.64
hangzhou,2022-12-01,29,优,126,19,29,25,6,0.7
hangzhou,2022-12-02,43,优,152,29,42,34,6,0.75
hangzhou,2022-12-03,27,优,61,15,21,42,6,0.93
hangzhou,2022-12-04,20,优,34,11,16,32,6,0.76
hangzhou,2022-12-05,26,优,77,15,23,27,5,0.6
hangzhou,2022-12-06,45,优,125,27,46,38,6,0.65
hangzhou,2022-12-07,59,良,154,36,68,63,7,0.74
hangzhou,2022-12-08,59,良,136,36,68,60,7,0.8
hangzhou,2022-12-09,45,优,82,30,47,51,6,0.92
hangzhou,2022-12-10,71,良,186,51,73,42,6,1.15
hangzhou,2022-12-11,51,良,124,35,53,29,6,0.66
hangzhou,2022-12-12,47,优,56,29,51,35,6,0.5
hangzhou,2022-12-13,65,良,100,37,81,44,7,0.62
hangzhou,2022-12-14,83,良,254,35,117,46,8,0.64
hangzhou,2022-12-15,76,良,205,42,101,58,7,0.68
hangzhou,2022-12-16,53,良,160,30,60,56,6,0.65
hangzhou,2022-12-17,44,优,114,24,45,18,6,0.52
hangzhou,2022-12-18,45,优,123,14,46,24,6,0.5
hangzhou,2022-12-19,52,良,118,26,56,45,7,0.63
hangzhou,2022-12-20,62,良,124,43,75,62,7,0.79
hangzhou,2022-12-21,51,良,104,26,61,32,6,0.61
hangzhou,2022-12-22,67,良,199,33,84,26,7,0.65
hangzhou,2022-12-23,41,优,93,17,41,27,6,0.56
hangzhou,2022-12-24,53,良,138,33,56,41,8,0.7
hangzhou,2022-12-25,57,良,127,40,60,39,8,0.72
hangzhou,2022-12-26,86,良,219,63,90,54,7,0.83
hangzhou,2022-12-27,125,轻度污染,271,95,125,62,9,1.11
hangzhou,2022-12-28,165,中度污染,294,125,152,45,8,1.13
hangzhou,2022-12-29,134,轻度污染,287,101,119,36,6,0.92
hangzhou,2022-12-30,88,良,228,65,78,42,6,0.78
hangzhou,2022-12-31,84,良,193,61,83,49,6,0.85
hangzhou,2023-01-01,120,轻度污染,238,90,119,62,7,0.93
hangzhou,2023-01-02,109,轻度污染,249,82,107,52,6,0.85
hangzhou,2023-01-03,68,良,161,49,65,37,6,0.73
hangzhou,2023-01-04,64,良,130,46,66,41,7,0.67
hangzhou,2023-01-05,86,良,148,63,93,59,7,0.74
hangzhou,2023-01-06,70,良,103,51,78,49,7,0.76
hangzhou,2023-01-07,69,良,107,49,77,48,7,0.68
hangzhou,2023-01-08,69,良,107,49,82,52,6,0.73
hangzhou,2023-01-09,91,良,206,67,107,54,7,0.82
hangzhou,2023-01-10,66,良,163,41,77,26,6,0.58
hangzhou,2023-01-11,56,良,103,35,63,43,6,0.6
hangzhou,2023-01-12,60,良,137,41,66,45,6,0.75
hangzhou,2023-01-13,33,优,79,22,30,41,6,0.8
hangzhou,2023-01-14,15,优,4,7,9,23,5,0.61
hangzhou,2023-01-15,22,优,57,15,18,14,5,0.5
hangzhou,2023-01-16,49,优,144,31,50,16,6,0.61
hangzhou,2023-01-17,61,良,152,43,66,18,6,0.62
hangzhou,2023-01-18,61,良,113,41,64,20,7,0.66
hangzhou,2023-01-19,70,良,134,50,83,25,6,0.72
hangzhou,2023-01-20,84,良,231,58,113,20,7,0.7
hangzhou,2023-01-21,83,良,176,37,115,12,5,0.47
hangzhou,2023-01-22,103,轻度污染,139,76,117,12,5,0.52
hangzhou,2023-01-23,42,优,72,29,38,9,5,0.58
hangzhou,2023-01-24,52,良,175,34,53,6,5,0.55
hangzhou,2023-01-25,51,良,120,35,52,10,5,0.57
hangzhou,2023-01-26,53,良,68,37,50,12,5,0.57
hangzhou,2023-01-27,62,良,159,41,68,11,7,0.63
hangzhou,2023-01-28,56,良,135,35,62,16,6,0.63
hangzhou,2023-01-29,53,良,93,33,56,22,6,0.59
hangzhou,2023-01-30,52,良,82,34,55,25,6,0.59
hangzhou,2023-01-31,52,良,63,36,55,31,6,0.63
hangzhou,2023-02-01,77,良,167,55,81,40,7,0.73
hangzhou,2023-02-02,43,优,82,17,44,20,5,0.44
hangzhou,2023-02-03,57,良,132,35,63,29,5,0.59
hangzhou,2023-02-04,45,优,92,24,45,25,5,0.53
hangzhou,2023-02-05,58,良,112,39,57,28,5,0.6
hangzhou,2023-02-06,67,良,148,48,57,35,5,0.77
hangzhou,2023-02-07,30,优,46,21,25,35,5,0.72
hangzhou,2023-02-08,68,良,175,48,71,33,5,0.69
hangzhou,2023-02-09,28,优,60,18,25,37,5,0.59
hangzhou,2023-02-10,37,优,80,26,33,27,5,0.67
hangzhou,2023-02-11,38,优,102,26,34,31,5,0.59
hangzhou,2023-02-12,21,优,18,13,17,32,5,0.65
hangzhou,2023-02-13,26,优,82,14,19,23,5,0.8
hangzhou,2023-02-14,36,优,140,24,35,21,6,0.53
hangzhou,2023-02-15,51,良,176,33,52,28,7,0.54
hangzhou,2023-02-16,69,良,181,49,73,44,6,0.6
hangzhou,2023-02-17,77,良,161,56,87,54,7,0.66
hangzhou,2023-02-18,80,良,188,57,93,55,7,0.82
hangzhou,2023-02-19,118,轻度污染,326,88,119,32,6,0.88
hangzhou,2023-02-20,67,良,197,47,70,41,7,0.67
hangzhou,2023-02-21,52,良,143,31,57,31,6,0.5
hangzhou,2023-02-22,43,优,83,20,44,25,6,0.45
hangzhou,2023-02-23,55,良,123,35,61,39,6,0.53
hangzhou,2023-02-24,61,良,174,43,56,42,5,0.74
hangzhou,2023-02-25,69,良,227,49,67,32,6,0.76
hangzhou,2023-02-26,37,优,30,21,38,30,6,0.52
hangzhou,2023-02-27,53,良,85,34,56,34,6,0.56
hangzhou,2023-02-28,50,优,69,32,54,40,6,0.63
hangzhou,2023-03-01,70,良,170,51,69,42,7,0.78
hangzhou,2023-03-01,70,良,169,51,69,42,7,0.78
hangzhou,2023-03-02,84,良,235,62,92,36,7,0.67
hangzhou,2023-03-03,70,良,166,50,83,48,7,0.63
hangzhou,2023-03-04,93,良,259,69,108,59,7,0.69
hangzhou,2023-03-05,94,良,259,70,114,64,7,0.75
hangzhou,2023-03-06,70,良,167,47,87,56,7,0.68
hangzhou,2023-03-07,68,良,157,46,86,62,8,0.68
hangzhou,2023-03-08,69,良,167,47,87,62,7,0.8
hangzhou,2023-03-09,53,良,80,36,57,33,6,0.65
hangzhou,2023-03-10,62,良,130,39,71,48,7,0.68
hangzhou,2023-03-11,63,良,163,37,76,59,7,0.64
hangzhou,2023-03-12,69,良,191,37,86,22,6,0.65
hangzhou,2023-03-13,64,良,139,26,78,30,7,0.53
hangzhou,2023-03-14,61,良,120,30,72,46,7,0.62
hangzhou,2023-03-15,69,良,159,40,89,39,8,0.66
hangzhou,2023-03-16,70,良,205,35,90,22,5,0.53
hangzhou,2023-03-17,37,优,122,13,37,27,5,0.53
hangzhou,2023-03-18,48,优,163,33,46,26,5,0.61
hangzhou,2023-03-19,49,优,163,33,50,36,6,0.67
hangzhou,2023-03-20,46,优,133,31,43,42,6,0.75
hangzhou,2023-03-21,38,优,86,24,31,55,5,0.87
hangzhou,2023-03-22,40,优,74,27,36,59,6,1.05
hangzhou,2023-03-23,24,优,16,13,23,31,5,0.97
hangzhou,2023-03-24,101,轻度污染,251,29,153,29,5,0.64
hangzhou,2023-03-25,52,良,167,20,54,35,6,0.66
hangzhou,2023-03-26,62,良,199,33,75,36,7,0.75
hangzhou,2023-03-27,94,良,284,47,139,38,8,0.73
hangzhou,2023-03-28,88,良,273,56,126,45,7,0.74
hangzhou,2023-03-29,57,良,150,32,68,40,7,0.64
hangzhou,2023-03-30,37,优,70,23,37,23,5,0.63
hangzhou,2023-03-31,51,良,134,33,53,34,5,0.68
hangzhou,2023-04-01,53,良,126,36,55,38,6,0.7
hangzhou,2023-04-02,56,良,147,34,56,40,7,0.7
hangzhou,2023-04-03,46,优,205,22,47,42,6,0.61
hangzhou,2023-04-04,35,优,179,19,35,31,5,0.66
hangzhou,2023-04-05,31,优,107,21,29,20,5,0.68
hangzhou,2023-04-06,38,优,101,26,34,28,5,0.67
hangzhou,2023-04-07,40,优,99,23,40,27,5,0.69
hangzhou,2023-04-08,61,良,180,40,71,39,6,0.68
hangzhou,2023-04-09,57,良,75,34,61,42,7,0.61
hangzhou,2023-04-10,58,良,100,32,65,45,7,0.68
hangzhou,2023-04-11,66,良,130,37,81,47,7,0.77
hangzhou,2023-04-12,290,重度污染,271,72,406,26,7,0.49
hangzhou,2023-04-13,118,轻度污染,222,51,186,57,7,0.61
hangzhou,2023-04-14,66,良,164,36,81,32,5,0.8
hangzhou,2023-04-15,69,良,154,39,87,27,6,0.78
hangzhou,2023-04-16,79,良,237,40,109,24,7,0.65
hangzhou,2023-04-17,84,良,258,46,105,35,7,0.75
hangzhou,2023-04-18,65,良,188,35,79,33,6,0.75
hangzhou,2023-04-19,37,优,84,20,34,18,5,0.6
hangzhou,2023-04-20,28,优,13,12,24,18,5,0.51
hangzhou,2023-04-21,45,优,114,22,47,22,5,0.51
hangzhou,2023-04-22,70,良,306,22,90,26,6,0.47
hangzhou,2023-04-23,78,良,322,30,105,21,5,0.48
hangzhou,2023-04-24,40,优,195,17,40,22,4,0.5
hangzhou,2023-04-25,48,优,203,23,49,28,5,0.57
hangzhou,2023-04-26,44,优,181,25,42,25,5,0.57
hangzhou,2023-04-27,56,良,208,35,56,29,6,0.6
hangzhou,2023-04-28,55,良,182,35,60,41,6,0.75
hangzhou,2023-04-29,69,良,212,31,89,25,5,0.64
hangzhou,2023-04-30,83,良,273,31,116,27,6,0.58
hangzhou,2023-05-01,64,良,171,29,78,28,6,0.54
hangzhou,2023-05-02,43,优,61,15,41,17,6,0.42
hangzhou,2023-05-03,37,优,99,21,38,25,5,0.6
hangzhou,2023-05-04,42,优,250,25,43,25,6,0.64
hangzhou,2023-05-05,26,优,51,13,23,15,5,0.6
hangzhou,2023-05-06,37,优,184,25,35,22,5,0.77
hangzhou,2023-05-07,27,优,75,12,20,15,5,0.51
hangzhou,2023-05-08,38,优,157,23,38,18,5,0.47
hangzhou,2023-05-09,48,优,200,24,42,26,6,0.39
hangzhou,2023-05-10,54,良,255,30,53,35,7,0.43
hangzhou,2023-05-11,37,优,84,22,37,37,6,0.44
hangzhou,2023-05-12,45,优,116,27,45,31,6,0.52
hangzhou,2023-05-13,48,优,147,29,46,27,6,0.58
hangzhou,2023-05-14,53,良,135,31,54,29,6,0.55
hangzhou,2023-05-15,57,良,164,31,58,32,7,0.53
hangzhou,2023-05-16,54,良,160,31,57,33,7,0.55
hangzhou,2023-05-17,23,优,9,13,23,23,5,0.5
hangzhou,2023-05-18,24,优,2,13,20,18,5,0.56
hangzhou,2023-05-19,32,优,28,17,30,20,6,0.5
hangzhou,2023-05-20,60,良,188,38,57,32,7,0.63
hangzhou,2023-05-21,68,良,230,46,71,32,6,0.7
hangzhou,2023-05-22,50,优,227,23,60,16,5,0.52
hangzhou,2023-05-23,74,良,301,32,98,21,6,0.46
hangzhou,2023-05-24,52,良,218,24,54,30,6,0.47
hangzhou,2023-05-25,54,良,222,30,55,25,6,0.58
hangzhou,2023-05-26,72,良,313,46,80,35,6,0.71
hangzhou,2023-05-27,53,良,286,34,58,29,6,0.74
hangzhou,2023-05-28,40,优,211,22,38,20,6,0.59
hangzhou,2023-05-29,58,良,301,33,55,27,6,0.65
hangzhou,2023-05-30,71,良,316,51,74,23,6,0.78
hangzhou,2023-05-31,46,优,209,31,44,26,5,0.82
hangzhou,2023-06-01,41,优,0,23,41,21,5,0.64
hangzhou,2023-06-02,73,良,0,32,52,25,6,0.76
hangzhou,2023-06-03,62,良,0,38,66,26,6,0.61
hangzhou,2023-06-04,65,良,0,30,64,27,8,0.54
hangzhou,2023-06-05,56,良,0,34,63,26,6,0.64
hangzhou,2023-06-06,33,优,0,21,32,23,5,0.9
hangzhou,2023-06-07,39,优,0,24,38,29,5,0.94
hangzhou,2023-06-08,38,优,0,20,33,24,5,0.75
hangzhou,2023-06-09,49,优,0,22,36,19,5,0.65
hangzhou,2023-06-10,62,良,0,31,51,25,6,0.68
hangzhou,2023-06-11,71,良,0,31,55,19,6,0.68
hangzhou,2023-06-12,56,良,0,21,37,14,6,0.49
hangzhou,2023-06-13,43,优,0,25,43,19,6,0.5
hangzhou,2023-06-14,62,良,0,22,39,20,6,0.54
hangzhou,2023-06-15,70,良,0,29,51,27,6,0.62
hangzhou,2023-06-16,70,良,0,40,64,32,6,0.64
hangzhou,2023-06-17,34,优,0,23,32,19,5,0.55
hangzhou,2023-06-18,44,优,0,29,43,27,6,0.71
hangzhou,2023-06-19,27,优,0,13,26,22,6,0.6
hangzhou,2023-06-20,19,优,0,10,19,17,5,0.58
hangzhou,2023-06-21,44,优,0,24,38,19,5,0.7
hangzhou,2023-06-22,63,良,0,40,61,25,5,0.78
hangzhou,2023-06-23,33,优,0,14,23,14,5,0.5
hangzhou,2023-06-24,21,优,0,10,14,23,5,0.54
hangzhou,2023-06-25,15,优,0,7,14,18,5,0.56
hangzhou,2023-06-26,21,优,0,10,21,18,5,0.56
hangzhou,2023-06-27,26,优,0,12,24,18,5,0.55
hangzhou,2023-06-28,28,优,0,12,25,17,6,0.5
hangzhou,2023-06-29,29,优,0,13,27,17,6,0.5
hangzhou,2023-06-30,29,优,0,17,29,20,6,0.57
hangzhou,2023-07-01,22,优,0,12,19,13,5,0.48
hangzhou,2023-07-02,30,优,0,16,29,21,5,0.55
hangzhou,2023-07-03,27,优,0,14,25,17,5,0.58
hangzhou,2023-07-04,22,优,0,10,20,11,5,0.49
hangzhou,2023-07-05,21,优,0,11,17,17,5,0.63
hangzhou,2023-07-06,27,优,0,14,26,16,5,0.6
hangzhou,2023-07-07,26,优,0,14,25,12,6,0.5
hangzhou,2023-07-08,25,优,0,14,24,12,6,0.49
hangzhou,2023-07-09,29,优,0,18,29,17,6,0.54
hangzhou,2023-07-10,34,优,0,18,32,17,6,0.55
hangzhou,2023-07-11,43,优,0,25,42,21,6,0.58
hangzhou,2023-07-12,42,优,0,25,40,21,6,0.58
hangzhou,2023-07-13,37,优,0,22,36,23,6,0.57
hangzhou,2023-07-14,40,优,0,22,39,23,6,0.57
hangzhou,2023-07-15,49,优,0,23,40,22,6,0.6
hangzhou,2023-07-16,31,优,0,17,30,16,5,0.6
hangzhou,2023-07-17,24,优,0,12,22,15,5,0.52
hangzhou,2023-07-18,30,优,0,13,26,15,5,0.52
hangzhou,2023-07-19,36,优,0,20,32,15,5,0.59
hangzhou,2023-07-20,16,优,0,7,13,14,4,0.59
hangzhou,2023-07-21,21,优,0,10,18,14,5,0.58
hangzhou,2023-07-22,17,优,0,7,13,11,4,0.53
hangzhou,2023-07-23,19,优,0,9,19,14,4,0.58
hangzhou,2023-07-24,32,优,0,16,29,15,5,0.61
hangzhou,2023-07-25,29,优,0,15,27,16,5,0.56
hangzhou,2023-07-26,22,优,0,8,20,11,5,0.46
hangzhou,2023-07-27,18,优,0,7,18,14,6,0.51
hangzhou,2023-07-28,14,优,0,6,14,14,5,0.51
hangzhou,2023-07-29,18,优,0,8,17,12,5,0.5
hangzhou,2023-07-30,22,优,0,10,22,11,5,0.5
hangzhou,2023-07-31,25,优,0,11,23,11,5,0.49
hangzhou,2023-08-01,23,优,0,12,22,10,5,0.5
hangzhou,2023-08-02,25,优,0,13,25,9,5,0.5
hangzhou,2023-08-03,28,优,0,13,28,13,5,0.51
hangzhou,2023-08-04,30,优,0,15,29,12,5,0.53
hangzhou,2023-08-05,32,优,0,16,30,15,5,0.55
hangzhou,2023-08-06,51,良,0,25,41,18,5,0.63
hangzhou,2023-08-07,39,优,0,24,37,16,5,0.71
hangzhou,2023-08-08,30,优,0,18,27,15,5,0.69
hangzhou,2023-08-09,42,优,0,22,35,14,5,0.74
hangzhou,2023-08-10,38,优,0,22,34,14,5,0.66
hangzhou,2023-08-11,73,良,0,37,55,22,6,0.78
hangzhou,2023-08-12,62,良,0,36,54,21,6,0.73
hangzhou,2023-08-13,67,良,0,34,55,21,6,0.73
hangzhou,2023-08-14,51,良,0,27,43,17,5,0.73
hangzhou,2023-08-15,28,优,0,15,27,19,5,0.6
hangzhou,2023-08-16,40,优,0,21,36,18,5,0.6
hangzhou,2023-08-17,47,优,0,23,37,21,6,0.65
hangzhou,2023-08-18,51,良,0,22,37,20,6,0.62
hangzhou,2023-08-19,31,优,0,14,24,18,6,0.55
hangzhou,2023-08-20,30,优,0,15,26,14,5,0.54
hangzhou,2023-08-21,29,优,0,13,24,15,5,0.6
hangzhou,2023-08-22,27,优,0,15,26,16,5,0.65
hangzhou,2023-08-23,32,优,0,12,22,14,5,0.69
hangzhou,2023-08-24,54,良,0,20,35,20,6,0.69
hangzhou,2023-08-25,58,良,0,25,43,20,6,0.71
hangzhou,2023-08-26,35,优,0,17,31,13,6,0.59
hangzhou,2023-08-27,24,优,0,12,22,15,5,0.55
hangzhou,2023-08-28,20,优,0,9,18,16,5,0.64
hangzhou,2023-08-29,21,优,0,8,12,15,5,0.75
hangzhou,2023-08-30,25,优,0,6,10,13,5,0.64
hangzhou,2023-08-31,30,优,0,19,28,19,5,0.77
hangzhou,2023-09-01,37,优,0,15,29,21,6,0.65
hangzhou,2023-09-02,47,优,0,21,35,17,6,0.61
hangzhou,2023-09-03,48,优,0,32,48,16,6,0.68
hangzhou,2023-09-04,28,优,0,14,26,15,6,0.49
hangzhou,2023-09-05,26,优,0,15,26,20,6,0.53
hangzhou,2023-09-06,35,优,0,21,34,19,6,0.55
hangzhou,2023-09-07,37,优,0,20,34,15,5,0.55
hangzhou,2023-09-08,42,优,0,22,35,17,6,0.56
hangzhou,2023-09-09,56,良,0,24,39,23,6,0.58
hangzhou,2023-09-10,56,良,0,27,43,21,6,0.6
hangzhou,2023-09-11,65,良,0,34,53,24,6,0.66
hangzhou,2023-09-12,62,良,0,36,56,25,6,0.65
hangzhou,2023-09-13,33,优,0,18,30,19,5,0.61
hangzhou,2023-09-14,18,优,0,11,16,19,5,0.65
hangzhou,2023-09-15,18,优,0,10,14,24,5,0.71
hangzhou,2023-09-16,23,优,0,9,13,18,5,0.78
hangzhou,2023-09-17,32,优,0,15,25,17,5,0.72
hangzhou,2023-09-18,47,优,0,28,42,21,5,0.74
hangzhou,2023-09-19,40,优,0,24,37,21,5,0.71
hangzhou,2023-09-20,27,优,0,14,24,16,5,0.63
hangzhou,2023-09-21,23,优,0,10,17,16,5,0.61
hangzhou,2023-09-22,21,优,0,12,20,20,5,0.65
hangzhou,2023-09-23,19,优,0,9,14,21,5,0.58
hangzhou,2023-09-24,34,优,0,21,31,19,5,0.62
hangzhou,2023-09-25,45,优,0,26,40,20,5,0.7
hangzhou,2023-09-26,60,良,0,40,57,22,6,0.97
hangzhou,2023-09-27,58,良,0,34,48,20,6,0.78
hangzhou,2023-09-28,58,良,0,41,55,18,6,0.95
hangzhou,2023-09-29,41,优,0,25,35,15,6,0.7
hangzhou,2023-09-30,32,优,0,18,26,12,6,0.84
hangzhou,2023-10-01,33,优,0,14,26,13,6,0.65
hangzhou,2023-10-02,30,优,0,8,24,15,6,0.4
hangzhou,2023-10-03,34,优,0,19,33,21,6,0.48
hangzhou,2023-10-04,28,优,0,14,27,20,7,0.55
hangzhou,2023-10-05,32,优,0,14,32,18,7,0.5
hangzhou,2023-10-06,33,优,0,10,33,19,7,0.45
hangzhou,2023-10-07,21,优,0,10,19,15,6,0.42
hangzhou,2023-10-08,23,优,0,14,19,17,6,0.57
hangzhou,2023-10-09,36,优,0,23,36,25,7,0.67
hangzhou,2023-10-10,49,优,228,32,47,27,7,0.69
hangzhou,2023-10-11,46,优,184,29,45,27,7,0.7
hangzhou,2023-10-12,44,优,168,25,39,31,7,0.61
hangzhou,2023-10-13,42,优,163,28,41,30,6,0.62
hangzhou,2023-10-14,42,优,139,25,38,30,6,0.66
hangzhou,2023-10-15,46,优,140,29,44,34,6,0.67
hangzhou,2023-10-16,57,良,213,37,56,39,7,0.65
hangzhou,2023-10-17,78,良,284,52,77,42,8,0.73
hangzhou,2023-10-18,74,良,273,49,72,40,7,0.71
hangzhou,2023-10-19,66,良,280,47,66,40,6,0.75
hangzhou,2023-10-20,30,优,168,16,28,22,6,0.53
hangzhou,2023-11-01,54,良,161,33,54,47,6,0.61
hangzhou,2023-11-02,47,优,112,27,46,45,6,0.55
hangzhou,2023-11-03,52,良,169,34,54,49,7,0.68
hangzhou,2023-11-04,67,良,233,47,70,46,6,0.7
hangzhou,2023-11-05,64,良,281,41,63,31,6,0.67
hangzhou,2023-11-06,22,优,17,8,20,19,6,0.52
hangzhou,2023-11-07,47,优,183,25,52,41,7,0.53
hangzhou,2023-11-08,56,良,203,36,60,47,7,0.67
hangzhou,2023-11-09,52,良,167,36,52,43,6,0.77
hangzhou,2023-11-10,29,优,108,17,28,23,6,0.58
hangzhou,2023-11-11,27,优,99,13,27,26,6,0.48
hangzhou,2023-11-12,34,优,167,23,31,18,5,0.58
hangzhou,2023-11-13,43,优,172,28,41,27,8,0.64
hangzhou,2023-11-14,56,良,171,38,59,49,7,0.65
hangzhou,2023-11-15,91,良,241,67,99,56,8,0.77
hangzhou,2023-11-16,64,良,206,38,68,30,6,0.67
hangzhou,2023-11-17,79,良,279,24,109,25,6,0.41
hangzhou,2023-11-18,55,良,150,23,63,36,8,0.53
hangzhou,2023-11-19,57,良,138,31,64,47,7,0.68
hangzhou,2023-11-20,70,良,200,47,82,52,8,0.75
hangzhou,2023-11-21,70,良,182,48,81,62,7,0.78
hangzhou,2023-11-22,56,良,122,36,62,54,7,0.74
hangzhou,2023-11-23,81,良,229,58,95,43,9,0.77
hangzhou,2023-11-24,50,优,153,16,53,32,8,0.52
hangzhou,2023-11-25,52,良,149,25,55,42,7,0.57
hangzhou,2023-11-26,64,良,169,42,76,53,7,0.67
hangzhou,2023-11-27,68,良,164,45,79,50,7,0.78
hangzhou,2023-11-28,65,良,197,40,81,48,7,0.7
hangzhou,2023-11-29,79,良,276,54,103,48,8,0.79
hangzhou,2023-11-30,48,优,171,22,50,26,7,0.58
hangzhou,2023-12-01,39,优,83,19,39,29,10,0.55
hangzhou,2023-12-02,61,良,218,42,67,57,9,0.7
hangzhou,2023-12-03,102,轻度污染,307,76,114,72,10,0.88
hangzhou,2023-12-04,106,轻度污染,280,80,111,64,7,0.97
hangzhou,2023-12-05,52,良,113,36,51,36,6,0.78
hangzhou,2023-12-06,58,良,136,33,68,38,7,0.73
hangzhou,2023-12-07,71,良,180,39,92,46,7,0.73
hangzhou,2023-12-08,57,良,117,30,64,42,7,0.67
hangzhou,2023-12-09,53,良,128,31,57,51,7,0.64
hangzhou,2023-12-10,81,良,291,60,94,67,7,0.84
hangzhou,2023-12-11,23,优,61,14,23,25,5,0.74
hangzhou,2023-12-12,30,优,63,20,27,24,5,0.75
hangzhou,2023-12-13,67,良,247,48,67,40,6,0.77
hangzhou,2023-12-14,52,良,191,33,55,46,7,0.92
hangzhou,2023-12-15,34,优,127,20,32,35,6,1.06
hangzhou,2023-12-16,34,优,149,24,31,15,6,0.79
hangzhou,2023-12-17,38,优,163,24,37,22,7,0.68
hangzhou,2023-12-18,37,优,111,23,34,48,7,0.84
hangzhou,2023-12-19,38,优,104,26,29,37,6,0.92
hangzhou,2023-12-20,73,良,264,53,67,28,7,0.72
hangzhou,2023-12-21,50,优,173,31,51,22,9,0.57
hangzhou,2023-12-22,43,优,80,27,43,27,8,0.55
hangzhou,2023-12-23,58,良,138,40,61,57,7,0.66
hangzhou,2023-12-24,68,良,151,48,78,53,7,0.76
hangzhou,2023-12-25,74,良,159,53,93,58,7,0.81
hangzhou,2023-12-26,104,轻度污染,237,78,125,76,7,0.93
hangzhou,2023-12-27,122,轻度污染,236,92,142,83,8,1.01
hangzhou,2023-12-28,170,中度污染,256,129,179,82,9,1.16
hangzhou,2023-12-29,196,中度污染,257,148,205,89,7,1.23
hangzhou,2023-12-30,185,中度污染,256,139,191,92,6,1.23
hangzhou,2023-12-31,149,轻度污染,274,113,159,44,8,1.08
